item,title,status,max_abs_discrepancy,notes
1,Single-Algorithm (iMAT+FVA) external baseline,PASS,N/A -- no reference value exists to diff against,PASS = independent reconstruction + fresh FVA completed for all 10 groups and produced internally consistent numbers. Does NOT mean 'matches a manuscript figure' -- none exists in-repo to match against.
2,Flux Uncertainty-Only / Uncalibrated Equal Weighting IQR reconciliation (Table 3),RECONCILED,N/A -- see full_grid; no single scalar discrepancy exists without a fixed population/representation definition,Flux Uncertainty-Only / Uncalibrated Equal Weighting Table 3 IQR reconciliation
3,Flux sampling + perturbation robustness re-execution,PARTIAL -- see per-metric findings,1.0,Flux sampling + perturbation robustness independently re-executed on independently-recomputed consensus-active reaction sets
4,"Growth-support LP rebuild (519 reactions, 90% biomass floor)",PASS,0.0,"L1-minimal support sets are not guaranteed unique under degenerate alternate optima -- exact reaction-count/identity match is informational, not part of the PASS/FAIL gate. PASS/FAIL is gated on the two LP objective values (unconstrained max biomass, achieved 90%-floor biomass), which ARE unique for a well-posed LP."
5,LOCO/LOBO weight optimization refit,PASS,,LOCO/LOBO weight optimization independently re-run from raw ranks + biomarker labels
6,Active-reaction counts via independent troppo reconstruction,PASS,203.0,"Active-reaction counts for all cohort x group x algorithm combinations, independently reconstructed via fresh troppo code"
7,Flux Uncertainty-Only IQR reconciliation (broader-population question),"RESOLVED_VIA_EXISTING_DATA -- recommend manuscript correction, no new sampling run",0.26251736442273155,"Flux Uncertainty-Only IQR, checked against the SAME population/representation convention independently validated by item 9 and by the equal-weighting Table 3 fix, before considering any new flux sampling"
8,Enrichment recovery counts and p-values (Flux Uncertainty-Only / Equal Weighting),FIRST_SOURCE_NO_PRIOR_TO_RECONCILE,1,"No traceable prior computation exists for the reported values (see ground_truth_search) -- status reflects whether this audit's independently-computed values happen to agree with the previously reported figures, not whether a reconciliation against a verified source succeeded."
9,Component-level SD sensitivity (Section 3.4),PASS,0.0015975701575898227,"Section 3.4 component-level SD sensitivity, independently recomputed from raw rank components"
10,Per-group BCAA severity means (Section 3.7),PASS,3.8666666666742344e-05,"Section 3.7 per-group BCAA severity means, independently recomputed from biomarker_ranking_by_group.csv"
11,Calibrated-score enrichment audit (Section 3.8 discrepancy investigation),AUDITED -- see per-axis and per-design detail; manuscript files NOT modified,2.3491955257797146e-05,"Audit of calibrated-score enrichment statistics (Section 3.8) discrepancy -- SHMT floor-of-resolution investigation, all-5-axes floor check, flat vs nested Fisher comparison, PEMT seed-variance check, newly-significant-axis screening"
12,DNL enrichment mapping reconciliation (2/5 vs 3/5 significant axes),MAPPING_CONFIRMED_MAGNITUDE_UNRESOLVED,0.030940693790986545,"Reaction-mapping choice (FASN+SCD1 vs SCD1-only) is confirmed as sufficient to flip DNL's significance conclusion in both designs. The flat design's raw p nearly exactly matches the reported flat-style value (best explained as an unadjusted p, not BH-adjusted). The nested design's magnitude is NOT reconciled -- both nested variants tested here land ~1000x smaller than reported, meaning the outside implementation's 'nested-style' combination is mechanistically different from a Fisher combination of per-group permutation p-values."
13,"DEFINITIVE reconciliation pass (frozen methodology, 100k draws, supersedes all prior enrichment figures)",DEFINITIVE,"N/A -- this is the frozen definitive computation, not a reconciliation against a prior number","DEFINITIVE RECONCILIATION PASS -- single frozen methodology, supersedes all prior enrichment figures in this audit (items 8, 11, 12)"
14,Unconstrained (0-1) LOCO/LOBO weight re-fit -- was the 0.15 floor binding?,RESOLVED,0.44999999999999996,"Unconstrained (0-to-1, no 0.15 floor) LOCO/LOBO weight re-fit, same grid-search/nested-CV machinery as item 5"
15,"Null-sampling verification (reaction-count-matched draws, code citation)",CONFIRMED,"N/A -- code-citation confirmation, not a numerical reconciliation",Null-sampling verification for the frozen enrichment procedure (item13) -- confirms reaction-count-matched null draws
16,Growth-support confound check on item14's consensus-dominant finding,"RESOLVED -- confound partially confirmed, but replacement signal also unreliable (BCAA-dominated)",0.1694444444444444,Growth-support confound check on item14's unconstrained-weight consensus-dominant finding
17,Per-axis unconstrained weight preferences (all 5 biomarker axes individually),RESOLVED,"N/A -- descriptive characterization, not a reconciliation against a prior figure",Per-axis unconstrained weight preferences -- single-axis production fits for all 5 biomarker axes
18,"Kendall's W and SD-ordering benchmark, excluding growth-support-contaminated axes","RESOLVED -- premise corrected, both checks re-run on uncontaminated axes",0.22225555555555593,"Kendall's W and Table 3 SD-ordering benchmark re-run excluding growth-support-contaminated axes (SHMT, choline_pc)"
19,"Final SHMT p=2.1e-5 reconciliation attempt (two-level nested, cohort-then-overall)",MATCHES_WITHIN_ORDER_OF_MAGNITUDE -- NOT unrecoverable,1.2596903255008931e-05,Final SHMT p=2.1e-5 reconciliation attempt via two-level nested (cohort-then-overall) Fisher combination
