cohort,group,consensus_definition_used,n_reactions_total,n_strict_consensus,n_majority_consensus,n_minority_signal,n_no_support,n_gimme_corroborated,n_gimme_only,n_unsupported_by_gimme,n_absent_from_all,mean_final_confidence_score
GSE89632,NASH,strict,12931,3955,1973,4087,2916,9841,2467,174,449,0.5129
GSE89632,healthy,strict,12931,4054,1962,3838,3077,9686,2733,168,344,0.5136
GSE89632,steatosis,strict,12931,3915,2036,4061,2919,9821,2458,191,461,0.5124
GSE126848,NASH,strict,12931,4197,1754,3263,3717,8580,2184,634,1533,0.4991
GSE126848,healthy,reduced,12931,4747,0,3871,4313,8272,2125,346,2188,0.5168
GSE126848,obese_no_NAFLD,strict,12931,3994,1815,3520,3602,8620,1894,709,1708,0.4932
GSE126848,steatosis,strict,12931,4333,1788,3352,3458,8617,1825,856,1633,0.5137
GSE135251,NASH,strict,12931,4097,1796,3531,3507,8720,1976,704,1531,0.5005
GSE135251,healthy,strict,12931,4267,1700,3550,3414,8698,1861,819,1553,0.5091
GSE135251,steatosis,strict,12931,4001,1699,3524,3707,8524,2138,700,1569,0.4878
