reaction_id,n_pooled,mean_delta_objective,sd_delta_objective,se_at_M_effective,resolvable_at_2SE_now,M_required_for_2SE
MAR04994,341,0.004384477013043459,0.012068550793881593,0.0006535486669049189,True,43.294886112390905
MAR03029,327,0.001523184667546899,0.007521861689443677,0.0004159599018956971,True,139.35017527953534
MAR00377,337,0.0003009229822596636,0.0014257454098478266,7.766530133693626e-05,True,128.27298496064557
MAR04504,333,0.0002837931844847126,0.0030345800991149825,0.00016629396506383129,False,653.3640571807852
MAR01648,358,0.0001121169882797268,0.002121352970148593,0.00011211698828159768,False,2045.714285782559
MAR03429,319,8.004357487785777e-05,0.0003741917085723695,2.0950713529144526e-05,True,124.88127326227799
MAR02727,342,2.1331579269491843e-05,0.0001963754654214673,1.0618769025295115e-05,True,484.27314620672115
MAR01155,328,1.906334169112464e-15,4.4316611364442567e-14,2.44697551172064e-15,False,3088.1399723434756
MAR05006,332,1.4125247156676696e-15,4.460972364854671e-14,2.4482766523136594e-15,False,5699.396951426612
MAR03302,336,1.3534147347811431e-15,4.3430744360217993e-14,2.369341351416374e-15,False,5884.2985074626895
MAR07793,335,1.1877729314198686e-15,3.967702276842035e-14,2.16778732762423e-15,False,6376.366290742138
MAR03233,334,1.0636867301797914e-15,4.419794979575694e-14,2.418404213642464e-15,False,9865.945616473606
MAR01232,324,9.210739167260557e-16,4.3263200496338093e-14,2.4035111386854498e-15,False,12606.957008367262
MAR02061,335,8.484092367284781e-16,4.2624096146566153e-14,2.328803146780097e-15,False,14423.197177074419
MAR03873,303,8.442091910020996e-16,4.02685872321782e-14,2.3133698918147382e-15,False,13001.533690738985
MAR00345,343,4.557416964058955e-16,4.3798417935951444e-14,2.3648922791142532e-15,False,52776.58305543469
MAR06499,332,2.9962645483859713e-16,4.435689361555388e-14,2.4344008015763458e-15,False,125234.47173949373
MAR06166,345,2.471452993948182e-16,4.193767207940059e-14,2.2578483661999313e-15,False,164537.87375415192
MAR03920,344,2.0655312086049453e-16,4.4311487232507304e-14,2.3891152765250087e-15,False,262985.06289046165
MAR12651,334,1.7018987682876628e-16,4.276714924991106e-14,2.3401142910341577e-15,False,360840.3603603614
MAR08757,333,1.280257181549727e-16,4.162893709420154e-14,2.281251700295052e-15,False,604168.6058519824
MAR07819,324,4.386066270124044e-17,4.245619086375513e-14,2.3586772702086182e-15,False,5354188.129146474
MAR01296,337,-4.2168708353715744e-17,4.2780316929874685e-14,2.3303923566571234e-15,False,5881246.0544216065
MAR02546,344,-8.262124834419697e-17,4.333788266701527e-14,2.3366220363747413e-15,False,1572221.8408996533
MAR00948,331,-8.586619163264065e-17,4.331601035800221e-14,2.380863252857102e-15,False,1454167.5411255371
MAR02580,328,-3.0328043599516424e-16,4.238449684988335e-14,2.340292334523572e-15,False,111605.91792155958
MAR12748,337,-3.37349666829721e-16,4.5785396083520777e-14,2.4940894489971783e-15,False,105258.05272108858
MAR00146,339,-5.449590303764779e-16,3.9839775273064796e-14,2.1637995737370722e-15,False,30539.927673600887
MAR12265,332,-5.992529096771922e-16,4.292074198036263e-14,2.35558174084147e-15,False,29314.067980234897
MAR06186,353,-7.246328183389125e-16,4.0016138505645935e-14,2.1298441476337517e-15,False,17425.943763027095
MAR08905,348,-7.350442094069999e-16,4.3564772833907455e-14,2.3353169516296612e-15,False,20072.70664653952
MAR02709,320,-1.0214051826551433e-15,4.4566253582602334e-14,2.491329312829809e-15,False,10878.727321827528
MAR03816,332,-1.2841133778796985e-15,4.2577353332644674e-14,2.3367358404386593e-15,False,6282.211211816057
MAR03809,328,-1.3864248502636102e-15,4.524599060596095e-14,2.498291895692219e-15,False,6085.965487112279
MAR06127,329,-1.9005398403309665e-15,4.152132945145664e-14,2.2891449933671205e-15,False,2727.4104263253403
MAR02665,335,-2.163443553657619e-15,3.97042615590776e-14,2.1692755417362423e-15,False,1924.620293109611
MAR08966,316,-2.24855296126614e-15,4.3000075892498074e-14,2.4189432562775192e-15,False,2089.7491301587306
MAR01040,319,-2.3165029629796372e-15,4.1050467691892656e-14,2.2983849431925954e-15,False,1794.4544968819278
MAR03811,326,-2.353945259573338e-15,4.161513475775714e-14,2.304849143291631e-15,False,1785.9604757382542
MAR09289,333,-2.5605143630994608e-15,4.2769240030473875e-14,2.343739916276551e-15,False,1594.301979345955
