reaction_id,PR_objective_seed101,PR_objective_seed202,mean_across_seeds,sd_across_seeds,se_across_seeds
MAR07819,2.472220396269433,2.2996488623744216,2.3859346293219272,0.12202650185692665,0.08628576694750566
MAR08966,2.4133580058820643,2.299648862374408,2.356503434128236,0.08040450645717818,0.056854571753828236
MAR08998,2.357233401094092,2.088186898018153,2.2227101495561223,0.1902446067795238,0.13452325153796948
MAR00377,0.0001976400799966,4.90029406468062e-05,0.0001233215103217031,0.00010510232917040901,7.43185696748969e-05
MAR03429,6.400543209830997e-05,4.35452082671993e-05,5.377532018275464e-05,1.4467563015572955e-05,1.0230111915555333e-05
MAR02727,6.056427983541839e-05,4.206071253194792e-05,5.1312496183683156e-05,1.308399791642565e-05,9.251783651735234e-06
MAR00948,-7.287617802667694e-16,-1.798842369012912e-15,-1.2638020746398406e-15,7.566612407184906e-16,5.350402943730713e-16
MAR09289,-1.0571489483260027e-14,3.033777972908293e-15,-3.768855755175867e-15,9.620376878113268e-15,6.802633728084159e-15
MAR06166,-1.5486187830668852e-14,3.678103573346401e-15,-5.904042128661226e-15,1.3551200408414247e-14,9.582145702007626e-15
MAR02709,-7.029024912895615e-15,-5.2269810446720005e-15,-6.128002978783808e-15,1.2742374392165549e-15,9.01021934111807e-16
MAR01648,-1.6718652606120005e-14,2.280754460464519e-15,-7.218949072827743e-15,1.3434609575305529e-14,9.499703533292262e-15
MAR00146,-2.1862853408003084e-14,7.191034916126315e-15,-7.335909245938385e-15,2.0544201453828553e-14,1.45269441620647e-14
MAR12748,-1.2753331154668464e-14,-2.4986118180574957e-15,-7.62597148636298e-15,7.25118158208243e-15,5.127359668305484e-15
MAR03029,-1.6193764675462752e-14,0.0,-8.096882337731376e-15,1.1450720814958883e-14,8.096882337731376e-15
MAR04994,-3.333410365294297e-15,-1.3207735558834804e-14,-8.27057296206455e-15,6.9822023039936605e-15,4.937162596770253e-15
MAR02546,-1.7615538657385816e-14,-8.77213254024815e-16,-9.246375955705316e-15,1.1835783398423616e-14,8.369162701680499e-15
MAR02580,-1.6674069532503684e-14,-2.280754460464519e-15,-9.477411996484102e-15,1.0177610691193435e-14,7.196657536019582e-15
MAR08757,-2.099330810200296e-14,7.195369476051647e-16,-1.0136885577198897e-14,1.5353299973430664e-14,1.0856422524804061e-14
MAR03873,-1.7084960163220387e-14,-3.193450497798203e-15,-1.0139205330509296e-14,9.822780685338494e-15,6.945754832711091e-15
MAR04504,-2.0932204918338087e-14,4.684897158857805e-16,-1.0231857601226153e-14,1.513257629796226e-14,1.0700347317111935e-14
MAR01155,-1.9701412218802782e-14,-1.4370527240091913e-15,-1.0569232471405987e-14,1.2914852452797453e-14,9.132179747396794e-15
MAR02665,-1.760208140860248e-14,-4.852486975922636e-15,-1.1227284192262559e-14,9.015324680726172e-15,6.374797216339922e-15
MAR03809,-2.3194728385732006e-14,6.767073673905717e-16,-1.1259010509170717e-14,1.6879654097691975e-14,1.193571787656129e-14
MAR06499,-2.708421722191441e-14,3.747917727086243e-15,-1.1668149747414083e-14,2.180161170089711e-14,1.5416067474500327e-14
MAR06127,-2.058752029253624e-14,-3.639365231941977e-15,-1.2113442762239108e-14,1.1984155371947306e-14,8.474077530297131e-15
MAR03816,-1.8223331340670806e-14,-6.710681393289835e-15,-1.246700636698032e-14,8.140672847220035e-15,5.756324973690486e-15
MAR02497,-2.6117246503614492e-14,3.1579677144893343e-16,-1.290072486608278e-14,1.8690984147194815e-14,1.3216521637531712e-14
MAR05006,-1.877862944508836e-14,-7.297465934833461e-15,-1.303804768996091e-14,8.118408574012783e-15,5.740581755127448e-15
MAR06186,-2.2828075127611733e-14,-3.920235783504001e-15,-1.3374155455557868e-14,1.3369861417804381e-14,9.453919672053865e-15
MAR01040,-2.7129813547203823e-14,1.7988423690129116e-16,-1.3474964655151266e-14,1.9310872495295955e-14,1.3654848892052555e-14
MAR12265,-2.878609032053739e-14,1.0658141036401502e-15,-1.386013810844862e-14,2.1108484049668642e-14,1.4925952212088772e-14
MAR03920,-2.0132044179869503e-14,-8.094790660558104e-15,-1.4113417420213803e-14,8.511623590366725e-15,6.0186267596557e-15
MAR03732,-2.969908962952329e-14,-2.5547603982385624e-15,-1.6126925013880927e-14,1.9193939270201656e-14,1.3572164615642363e-14
MAR03811,-3.2943345021604654e-14,1.6917684184764292e-16,-1.6387084089878506e-14,2.3414088751834933e-14,1.6556260931726148e-14
MAR12651,-3.1297715741813945e-14,-1.906334169112464e-15,-1.6602024955463206e-14,2.0782845218498548e-14,1.4695690786350737e-14
MAR00345,-3.2135910094604536e-14,-1.3864248502636102e-15,-1.6761167472434074e-14,2.174316953426915e-14,1.5374742622170462e-14
MAR01296,-3.51805305754391e-14,1.6524249668839541e-16,-1.7507644039375352e-14,2.499323582558222e-14,1.7672886536063745e-14
MAR03233,-2.8917436920469194e-14,-8.414321870843291e-15,-1.8665879395656243e-14,1.4497891687038434e-14,1.0251557524812952e-14
MAR03723,-4.214810318940594e-14,3.875687649600546e-15,-1.91362077699027e-14,3.254373459817279e-14,2.3011895419503242e-14
MAR07793,-3.381823653744274e-14,-4.852486975922636e-15,-1.9335361756682687e-14,2.048187793710213e-14,1.448287478076005e-14
MAR01232,-3.7895612573872014e-14,-2.3970116387087715e-15,-2.0146312106290392e-14,2.5101301443889044e-14,1.774930046758162e-14
MAR03302,-3.9353136134405554e-14,-6.0187149382032015e-15,-2.2685925536304377e-14,2.3570995274763268e-14,1.6667210598101174e-14
MAR02061,-3.7953380275966335e-14,-7.435912350977793e-15,-2.2694646313472064e-14,2.1579108514402354e-14,1.5258733962494268e-14
MAR08905,-4.1053580288361343e-14,-9.349246523159214e-15,-2.520141340576028e-14,2.2418349398376052e-14,1.5852166882601065e-14
