reaction_id,PR_objective_seed101,PR_objective_seed202,PR_objective_seed303,PR_objective_seed404,mean_across_seeds,sd_across_seeds,se_across_seeds
MAR04994,0.0037003122057259,0.0031929029357669,0.0069745888751121,0.0036022647290421,0.00436751718641175,0.0017518861490408134,0.0008759430745204067
MAR03029,0.0008388508187022,0.0024794059825829,0.0014139737879039,0.001446217016914,0.00154461190152575,0.0006828095268951135,0.00034140476344755676
MAR00377,0.0002545026412528,0.0004413501676326,0.000260562227951,0.0002545026412515,0.000302729419521975,9.245796907479343e-05,4.6228984537396716e-05
MAR04504,2.3684757858670005e-15,0.0005628928969649,0.00046671955587,0.0001094404143632,0.0002847632168001171,0.0002722085003642211,0.00013610425018211055
MAR01648,2.116510276732213e-15,0.0004835889373963,3.430206310566001e-15,-2.721227498655703e-15,0.00012089723434978137,0.00024179446869767907,0.00012089723434883953
MAR03429,6.9260127629511e-05,4.394819343216903e-05,7.199408003836987e-05,0.0001351000020434,8.007560078586247e-05,3.879501571524412e-05,1.939750785762206e-05
MAR02727,2.0963793424183595e-05,2.171250032034777e-05,4.244800759086313e-15,3.880531973432285e-05,2.0370403370774753e-05,1.5884508287675407e-05,7.942254143837703e-06
MAR01155,-3.5976847380258237e-16,-3.756892625858001e-15,8.491852207864612e-15,3.552713678800501e-15,1.981976196751132e-15,5.268272499367238e-15,2.634136249683619e-15
MAR03302,7.443781041296288e-15,-2.5837917664003644e-15,-1.7330310628295127e-16,8.665155314147563e-16,1.3883004250069321e-15,4.287859875486175e-15,2.1439299377430876e-15
MAR05006,5.965050127368742e-15,-4.263256414560601e-15,6.279214874159025e-15,-2.507797890918001e-15,1.368302674012291e-15,5.537320625989611e-15,2.7686603129948054e-15
MAR01232,5.256069552198001e-15,-3.3912266934004787e-15,6.295948291545191e-15,-3.383536836952858e-15,1.194313578347464e-15,5.307492576433876e-15,2.653746288216938e-15
MAR03233,2.3684757858670005e-15,-2.1234610493980007e-15,3.2927590193760738e-15,8.77213254024815e-16,1.1037467524674721e-15,2.3704782819041735e-15,1.1852391409520867e-15
MAR07793,-1.1985058193543858e-15,1.7121511705062656e-16,4.5287339202292105e-15,9.109522253334617e-16,1.1030988608147282e-15,2.4452462251945508e-15,1.2226231125972754e-15
MAR02061,-1.7763568394002505e-15,-3.597684738025824e-15,5.396527107038736e-15,3.859738317709186e-15,9.705559618304619e-16,4.33401077883315e-15,2.167005389416575e-15
MAR03873,7.786769706960003e-16,-7.579122514774402e-16,-7.105427357601002e-16,4.168517383125921e-15,8.696848416460952e-16,2.3120532046387076e-15,1.1560266023193538e-15
MAR00345,1.1703056824284005e-15,-3.845290099407601e-15,5.2691933213670345e-15,-1.0150610510858574e-15,3.9478696332549423e-16,3.8439212421974235e-15,1.9219606210987117e-15
MAR06499,2.079637275395415e-15,-3.266863152920001e-15,2.739441872810025e-15,-1.7763568394002506e-16,3.4364507783635355e-16,2.7117653849936697e-15,1.3558826924968349e-15
MAR12651,1.5597279565465614e-15,-4.035180968514149e-15,4.96523839446817e-15,-1.7763568394002505e-15,1.7835713577508298e-16,3.932650828230624e-15,1.966325414115312e-15
MAR06166,1.906334169112464e-15,-4.229421046191073e-15,3.3259447205791924e-15,-3.3437305212240013e-16,1.6712119784454577e-16,3.295659164898982e-15,1.647829582449491e-15
MAR08757,2.478637450325931e-15,-7.443781041296288e-15,2.550666230933693e-15,3.0093574691016007e-15,1.4872002726623406e-16,5.067122122511721e-15,2.5335610612558605e-15
MAR03920,2.444878230572388e-15,-4.912394222538964e-15,2.079637275395415e-15,8.074349270001138e-16,1.0488905260723821e-16,3.4176932798349694e-15,1.7088466399174847e-15
MAR00948,-3.424302341012531e-16,-2.6438799470143266e-15,6.459479416000911e-15,-3.176543995162801e-15,7.415630993063268e-17,4.430976908282015e-15,2.2154884541410073e-15
MAR01296,4.794023277417543e-15,-3.891067362495787e-15,2.9461528068101718e-15,-3.714200664200524e-15,3.3727014382850845e-17,4.4942043156687745e-15,2.2471021578343873e-15
MAR07819,5.921189464667502e-15,-1.2280985556347412e-14,3.4106051316484808e-15,3.045183153257572e-15,2.399804830653578e-17,8.302332103839334e-15,4.151166051919667e-15
MAR02546,1.6917684184764292e-16,-4.856874396334862e-15,6.473833814703135e-15,-2.654775056686089e-15,-2.1715969911754323e-16,4.9121472300106446e-15,2.4560736150053223e-15
MAR02580,-8.77213254024815e-16,-4.6185277824406506e-15,2.807082412879408e-15,1.3219399735071633e-15,-3.4167966251972357e-16,3.22803133862047e-15,1.614015669310235e-15
MAR12748,4.844609562000683e-16,-4.386066270124075e-15,2.507797890918001e-15,-1.7121511705062656e-16,-3.91255635014158e-16,2.897028404778507e-15,1.4485142023892536e-15
MAR12265,-1.4370527240091913e-15,-3.383536836952858e-15,1.6718652606120004e-15,9.601928861622976e-16,-5.471328535469377e-16,2.311790680342509e-15,1.1558953401712546e-15
MAR00146,1.117707674229371e-15,-4.386066270124075e-15,2.9461528068101718e-15,-1.9601178917520005e-15,-5.705809202091332e-16,3.2509729792564307e-15,1.6254864896282153e-15
MAR08905,-4.790175746697304e-16,-5.025790082205586e-15,3.2794280112004626e-15,-1.1566974768187678e-15,-8.455192806234054e-16,3.4020096759190217e-15,1.7010048379595108e-15
MAR06186,-6.047172219234895e-16,-4.012476625468801e-15,3.141346831781496e-15,-1.978726605914203e-15,-8.636434053812494e-16,3.0147167230264858e-15,1.5073583615132429e-15
MAR02709,-1.3263464400855204e-15,-6.259543148362787e-15,2.631639762074445e-15,1.0658141036401502e-15,-9.721089306834282e-16,3.882549838861682e-15,1.941274919430841e-15
MAR03809,-1.1368683772161605e-15,-6.0241666727486754e-15,4.674623261579607e-15,-2.0062383127344005e-15,-1.1231625252799072e-15,4.41263988940037e-15,2.206319944700185e-15
MAR03816,-1.2753331154668465e-15,-8.491852207864612e-15,3.920235783504001e-15,3.3437305212240013e-16,-1.3781441219262642e-15,5.2160316182794464e-15,2.6080158091397232e-15
MAR06127,1.3606137493278514e-15,-6.185901464264402e-15,-1.40107018318893e-15,-1.6189581321116206e-15,-1.9613290075592754e-15,3.1258824827892506e-15,1.5629412413946253e-15
MAR01040,-1.75442650804963e-16,-5.614164825758816e-15,1.2753331154668465e-15,-4.6769901594335705e-15,-2.2978161301326255e-15,3.3630592446839784e-15,1.6815296223419892e-15
MAR08966,-3.1194559130931228e-15,-7.87358166653084e-15,1.6828643741686582e-15,0.0,-2.327543301363826e-15,4.198670213143435e-15,2.0993351065717174e-15
MAR02665,2.9106569898606517e-15,-9.162261592696027e-15,-6.178632484870436e-16,-2.537652627714644e-15,-2.3517801197592658e-15,5.070072929508864e-15,2.535036464754432e-15
MAR03811,2.1992989440193578e-15,-9.781497401372808e-15,-7.195369476051647e-16,-1.652424966883954e-15,-2.4885400929606423e-15,5.131326071991131e-15,2.5656630359955655e-15
MAR09289,2.809122443702721e-15,-7.719476635418372e-15,-9.580351493394609e-16,-4.9830269780578455e-15,-2.7128540797782393e-15,4.611274899895868e-15,2.305637449947934e-15
