reaction_id,n_pooled,x_flip,p_flip_hat,flip_jeffreys_lo,flip_jeffreys_hi,x_occ_gt1e-06,p_occ_gt1e-06,occ_jeffreys_hi_gt1e-06,x_occ_gt0.0001,p_occ_gt0.0001,occ_jeffreys_hi_gt0.0001
MAR07819,161,67,0.4161490683229814,0.34206113893175116,0.49322161108424895,67,0.4161490683229814,0.49322161108424895,67,0.4161490683229814,0.49322161108424895
MAR08966,163,67,0.4110429447852761,0.3376204034020964,0.4875933692218788,67,0.4110429447852761,0.4875933692218788,67,0.4110429447852761,0.4875933692218788
MAR08998,173,67,0.3872832369942196,0.3170525153299204,0.4612502392634805,67,0.3872832369942196,0.4612502392634805,67,0.3872832369942196,0.4612502392634805
MAR03429,173,0,0.0,0.0,0.014394306624689237,5,0.028901734104046242,0.06217766976166084,5,0.028901734104046242,0.06217766976166084
MAR02727,181,0,0.0,0.0,0.01376336783436771,5,0.027624309392265192,0.05947881607927729,5,0.027624309392265192,0.05947881607927729
MAR00377,143,0,0.0,0.0,0.017382459148897803,3,0.02097902097902098,0.05492035636389158,3,0.02097902097902098,0.05492035636389158
MAR01232,164,0,0.0,0.0,0.015177016034665626,0,0.0,0.015177016034665626,0,0.0,0.015177016034665626
MAR01155,177,0,0.0,0.0,0.01407176853532243,0,0.0,0.01407176853532243,0,0.0,0.01407176853532243
MAR01040,167,0,0.0,0.0,0.014906823511655714,0,0.0,0.014906823511655714,0,0.0,0.014906823511655714
MAR00146,174,0,0.0,0.0,0.014312293864022208,0,0.0,0.014312293864022208,0,0.0,0.014312293864022208
MAR00345,170,0,0.0,0.0,0.014646082852048587,0,0.0,0.014646082852048587,0,0.0,0.014646082852048587
MAR00948,157,0,0.0,0.0,0.015847236893062583,0,0.0,0.015847236893062583,0,0.0,0.015847236893062583
MAR02546,177,0,0.0,0.0,0.01407176853532243,0,0.0,0.01407176853532243,0,0.0,0.01407176853532243
MAR02497,164,0,0.0,0.0,0.015177016034665626,0,0.0,0.015177016034665626,0,0.0,0.015177016034665626
MAR02061,168,0,0.0,0.0,0.014818884532030441,0,0.0,0.014818884532030441,0,0.0,0.014818884532030441
MAR01648,166,0,0.0,0.0,0.014995812402480938,0,0.0,0.014995812402480938,0,0.0,0.014995812402480938
MAR01296,168,0,0.0,0.0,0.014818884532030441,0,0.0,0.014818884532030441,0,0.0,0.014818884532030441
MAR02709,180,0,0.0,0.0,0.013839193740452596,0,0.0,0.013839193740452596,0,0.0,0.013839193740452596
MAR02665,170,0,0.0,0.0,0.014646082852048587,0,0.0,0.014646082852048587,0,0.0,0.014646082852048587
MAR02580,156,0,0.0,0.0,0.01594784546877611,0,0.0,0.01594784546877611,0,0.0,0.01594784546877611
MAR03723,165,0,0.0,0.0,0.015085870119466892,0,0.0,0.015085870119466892,0,0.0,0.015085870119466892
MAR03732,178,0,0.0,0.0,0.013993379894504276,0,0.0,0.013993379894504276,0,0.0,0.013993379894504276
MAR03809,171,0,0.0,0.0,0.014561184488931919,0,0.0,0.014561184488931919,0,0.0,0.014561184488931919
MAR03811,172,0,0.0,0.0,0.014477264686959377,0,0.0,0.014477264686959377,0,0.0,0.014477264686959377
MAR03816,157,0,0.0,0.0,0.015847236893062583,0,0.0,0.015847236893062583,0,0.0,0.015847236893062583
MAR03029,174,0,0.0,0.0,0.014312293864022208,0,0.0,0.014312293864022208,0,0.0,0.014312293864022208
MAR03233,162,0,0.0,0.0,0.015362652317221401,0,0.0,0.015362652317221401,0,0.0,0.015362652317221401
MAR03302,163,0,0.0,0.0,0.015269269991111422,0,0.0,0.015269269991111422,0,0.0,0.015269269991111422
MAR04504,165,0,0.0,0.0,0.015085870119466892,0,0.0,0.015085870119466892,0,0.0,0.015085870119466892
MAR03920,163,0,0.0,0.0,0.015269269991111422,0,0.0,0.015269269991111422,0,0.0,0.015269269991111422
MAR03873,178,0,0.0,0.0,0.013993379894504276,0,0.0,0.013993379894504276,0,0.0,0.013993379894504276
MAR04994,166,0,0.0,0.0,0.014995812402480938,0,0.0,0.014995812402480938,0,0.0,0.014995812402480938
MAR06166,163,0,0.0,0.0,0.015269269991111422,0,0.0,0.015269269991111422,0,0.0,0.015269269991111422
MAR06186,181,0,0.0,0.0,0.01376336783436771,0,0.0,0.01376336783436771,0,0.0,0.01376336783436771
MAR06127,160,0,0.0,0.0,0.015552885909164498,0,0.0,0.015552885909164498,0,0.0,0.015552885909164498
MAR05006,158,0,0.0,0.0,0.01574788972697356,0,0.0,0.01574788972697356,0,0.0,0.01574788972697356
MAR07793,161,0,0.0,0.0,0.015457183841727732,0,0.0,0.015457183841727732,0,0.0,0.015457183841727732
MAR06499,176,0,0.0,0.0,0.01415104034703222,0,0.0,0.01415104034703222,0,0.0,0.01415104034703222
MAR08905,148,0,0.0,0.0,0.0168011618841482,0,0.0,0.0168011618841482,0,0.0,0.0168011618841482
MAR08757,167,0,0.0,0.0,0.014906823511655714,0,0.0,0.014906823511655714,0,0.0,0.014906823511655714
MAR09289,171,0,0.0,0.0,0.014561184488931919,0,0.0,0.014561184488931919,0,0.0,0.014561184488931919
MAR12265,158,0,0.0,0.0,0.01574788972697356,0,0.0,0.01574788972697356,0,0.0,0.01574788972697356
MAR12651,166,0,0.0,0.0,0.014995812402480938,0,0.0,0.014995812402480938,0,0.0,0.014995812402480938
MAR12748,169,0,0.0,0.0,0.01473197699233342,0,0.0,0.01473197699233342,0,0.0,0.01473197699233342
