reaction_id,n_eligible_backgrounds,PR_objective,PR_objective_se,PR_relative_objective_mean,PR_relative_objective_median,PR_binary,PR_binary_se,p_flip,mean_obj_drop_given_flip,PR_hybrid
MAR07819,82,2.472220396269433,0.34679981778203256,0.019803361917518362,3.482373204885138e-16,0.4146341463414634,0.054739864164564105,0.4146341463414634,5.962413896885131,2.4722203962694445
MAR08966,84,2.4133580058820643,0.3410117073735992,0.019331853300434583,3.550920735383678e-16,0.40476190476190477,0.05387733783991092,0.40476190476190477,5.9624138968851375,2.4133580058820794
MAR08998,86,2.3572334010940916,0.33536318728548203,0.018882275316703404,3.482373204885138e-16,0.3953488372093023,0.05303141512089013,0.3953488372093023,5.96241389688513,2.3572334010941214
MAR00377,76,0.00019764007999668073,0.00013881783005510265,1.6460793778600225e-06,0.0,0.0,0.0,0.0,0.0,0.0
MAR03429,88,6.400543209830997e-05,3.6526330393505566e-05,5.331052529844272e-07,0.0,0.0,0.0,0.0,0.0,0.0
MAR02727,93,6.0564279835418385e-05,3.458464094635912e-05,5.044436802464947e-07,0.0,0.0,0.0,0.0,0.0,0.0
MAR00948,78,-7.287617802667694e-16,8.786058209865379e-15,-3.210487253944553e-18,0.0,0.0,0.0,0.0,0.0,0.0
MAR04994,81,-3.333410365294297e-15,5.956723690336836e-15,-2.7094786334248087e-17,0.0,0.0,0.0,0.0,0.0,0.0
MAR02709,93,-7.029024912895615e-15,5.9724508191196305e-15,-5.712646795615209e-17,0.0,0.0,0.0,0.0,0.0,0.0
MAR09289,82,-1.0571489483260027e-14,1.680801896735325e-14,-8.741198056824447e-17,0.0,0.0,0.0,0.0,0.0,0.0
MAR12748,78,-1.2753331154668465e-14,1.655126444563802e-14,-1.0636681155133018e-16,0.0,0.0,0.0,0.0,0.0,0.0
MAR06166,78,-1.548618783066885e-14,1.6554506767361318e-14,-1.3080725986139287e-16,0.0,0.0,0.0,0.0,0.0,0.0
MAR03029,86,-1.619376467546275e-14,1.6593157914041467e-14,-1.322098611527594e-16,0.0,0.0,0.0,0.0,0.0,0.0
MAR02580,75,-1.6674069532503684e-14,1.741276733667059e-14,-1.3925068540199747e-16,0.0,0.0,0.0,0.0,0.0,0.0
MAR01648,85,-1.6718652606120005e-14,1.5454475912564047e-14,-1.3913888861554293e-16,0.0,0.0,0.0,0.0,0.0,0.0
MAR03873,89,-1.7084960163220387e-14,1.5697485867986794e-14,-1.396621179267296e-16,0.0,0.0,0.0,0.0,0.0,0.0
MAR02665,88,-1.760208140860248e-14,1.4728566768211206e-14,-1.46201983624935e-16,0.0,0.0,0.0,0.0,0.0,0.0
MAR02546,96,-1.7615538657385816e-14,1.4935258752542957e-14,-1.4408503666464977e-16,0.0,0.0,0.0,0.0,0.0,0.0
MAR03816,85,-1.8223331340670806e-14,1.6820584394610676e-14,-1.4893911861966526e-16,0.0,0.0,0.0,0.0,0.0,0.0
MAR05006,84,-1.8778629445088362e-14,1.6817542889437473e-14,-1.5424303556482945e-16,0.0,0.0,0.0,0.0,0.0,0.0
MAR01155,88,-1.970141221880278e-14,1.3791543654860985e-14,-1.6578598926248064e-16,0.0,0.0,0.0,0.0,0.0,0.0
MAR03920,84,-2.0132044179869506e-14,1.564888266072088e-14,-1.6637205850494409e-16,0.0,0.0,0.0,0.0,0.0,0.0
MAR06127,78,-2.0587520292536236e-14,1.6524950802666644e-14,-1.7110481688249162e-16,0.0,0.0,0.0,0.0,0.0,0.0
MAR04504,74,-2.0932204918338087e-14,1.7773899638931284e-14,-1.7365196299920362e-16,0.0,0.0,0.0,0.0,0.0,0.0
MAR08757,88,-2.099330810200296e-14,1.6333518012910866e-14,-1.7172965010114503e-16,0.0,0.0,0.0,0.0,0.0,0.0
MAR00146,91,-2.1862853408003084e-14,1.3490390949826517e-14,-1.835046039362418e-16,0.0,0.0,0.0,0.0,0.0,0.0
MAR06186,94,-2.282807512761173e-14,1.8902094287046347e-14,-1.9113206355090177e-16,0.0,0.0,0.0,0.0,0.0,0.0
MAR03809,87,-2.3194728385732006e-14,1.5294188907621047e-14,-1.9219189555188956e-16,0.0,0.0,0.0,0.0,0.0,0.0
MAR02497,74,-2.6117246503614495e-14,1.663036034678948e-14,-2.197773749300755e-16,0.0,0.0,0.0,0.0,0.0,0.0
MAR06499,85,-2.7084217221914406e-14,2.066837139507121e-14,-2.2571478701601327e-16,0.0,0.0,0.0,0.0,0.0,0.0
MAR01040,88,-2.7129813547203826e-14,2.0082263023683013e-14,-2.2702404582017144e-16,0.0,0.0,0.0,0.0,0.0,0.0
MAR12265,78,-2.878609032053739e-14,1.531542931260508e-14,-2.4032182853206534e-16,0.0,0.0,0.0,0.0,0.0,0.0
MAR03233,86,-2.8917436920469194e-14,2.0555818097501894e-14,-2.413857849717589e-16,0.0,0.0,0.0,0.0,0.0,0.0
MAR03732,89,-2.969908962952329e-14,1.9818947411671324e-14,-2.4705481099182507e-16,0.0,0.0,0.0,0.0,0.0,0.0
MAR12651,84,-3.129771574181394e-14,2.1225425639456277e-14,-2.6167563174112877e-16,0.0,0.0,0.0,0.0,0.0,0.0
MAR00345,88,-3.213591009460453e-14,2.028334674179732e-14,-2.6779950813597613e-16,0.0,0.0,0.0,0.0,0.0,0.0
MAR03811,88,-3.294334502160465e-14,2.0219590227147388e-14,-2.745310408463187e-16,0.0,0.0,0.0,0.0,0.0,0.0
MAR07793,79,-3.381823653744274e-14,2.1448179320766166e-14,-2.8498572721685475e-16,0.0,0.0,0.0,0.0,0.0,0.0
MAR01296,82,-3.5180530575439106e-14,2.1655869442273227e-14,-2.9267118175810833e-16,0.0,0.0,0.0,0.0,0.0,0.0
MAR01232,81,-3.789561257387201e-14,2.183198576283541e-14,-3.150119973462576e-16,0.0,0.0,0.0,0.0,0.0,0.0
MAR02061,82,-3.795338027596633e-14,2.068475449676566e-14,-3.17844217735217e-16,0.0,0.0,0.0,0.0,0.0,0.0
MAR03302,78,-3.935313613440555e-14,2.247595217823229e-14,-3.277533369452888e-16,0.0,0.0,0.0,0.0,0.0,0.0
MAR08905,72,-4.1053580288361343e-14,2.432258913293144e-14,-3.427809567768615e-16,-5.691699241440671e-17,0.0,0.0,0.0,0.0,0.0
MAR03723,88,-4.214810318940594e-14,1.9395128876355236e-14,-3.516336537913022e-16,0.0,0.0,0.0,0.0,0.0,0.0
