cohort,group,algorithm,n_active_reactions,output,error
GSE89632,NASH,fastcore,6197.0,D:\Mahdi\GEM1\data\context_specific_models\GSE89632__NASH__fastcore.json,
GSE89632,NASH,gimme,12308.0,D:\Mahdi\GEM1\data\context_specific_models\GSE89632__NASH__gimme.json,
GSE89632,NASH,imat,5349.0,D:\Mahdi\GEM1\data\context_specific_models\GSE89632__NASH__imat.json,
GSE89632,NASH,tinit,8352.0,D:\Mahdi\GEM1\data\context_specific_models\GSE89632__NASH__tinit.json,
GSE89632,healthy,fastcore,6300.0,D:\Mahdi\GEM1\data\context_specific_models\GSE89632__healthy__fastcore.json,
GSE89632,healthy,gimme,12419.0,D:\Mahdi\GEM1\data\context_specific_models\GSE89632__healthy__gimme.json,
GSE89632,healthy,imat,5525.0,D:\Mahdi\GEM1\data\context_specific_models\GSE89632__healthy__imat.json,
GSE89632,healthy,tinit,8099.0,D:\Mahdi\GEM1\data\context_specific_models\GSE89632__healthy__tinit.json,
GSE89632,steatosis,fastcore,6236.0,D:\Mahdi\GEM1\data\context_specific_models\GSE89632__steatosis__fastcore.json,
GSE89632,steatosis,gimme,12279.0,D:\Mahdi\GEM1\data\context_specific_models\GSE89632__steatosis__gimme.json,
GSE89632,steatosis,imat,5354.0,D:\Mahdi\GEM1\data\context_specific_models\GSE89632__steatosis__imat.json,
GSE89632,steatosis,tinit,8288.0,D:\Mahdi\GEM1\data\context_specific_models\GSE89632__steatosis__tinit.json,
GSE126848,NASH,fastcore,6128.0,D:\Mahdi\GEM1\data\context_specific_models\GSE126848__NASH__fastcore.json,
GSE126848,NASH,gimme,10764.0,D:\Mahdi\GEM1\data\context_specific_models\GSE126848__NASH__gimme.json,
GSE126848,NASH,imat,5636.0,D:\Mahdi\GEM1\data\context_specific_models\GSE126848__NASH__imat.json,
GSE126848,NASH,tinit,7598.0,D:\Mahdi\GEM1\data\context_specific_models\GSE126848__NASH__tinit.json,
GSE126848,healthy,fastcore,,,"Inconsistent irreversible core reactions 
	Impossible to build model"
GSE126848,healthy,gimme,10397.0,D:\Mahdi\GEM1\data\context_specific_models\GSE126848__healthy__gimme.json,
GSE126848,healthy,imat,5421.0,D:\Mahdi\GEM1\data\context_specific_models\GSE126848__healthy__imat.json,
GSE126848,healthy,tinit,7944.0,D:\Mahdi\GEM1\data\context_specific_models\GSE126848__healthy__tinit.json,
GSE126848,obese_no_NAFLD,fastcore,6060.0,D:\Mahdi\GEM1\data\context_specific_models\GSE126848__obese_no_NAFLD__fastcore.json,
GSE126848,obese_no_NAFLD,gimme,10514.0,D:\Mahdi\GEM1\data\context_specific_models\GSE126848__obese_no_NAFLD__gimme.json,
GSE126848,obese_no_NAFLD,imat,5338.0,D:\Mahdi\GEM1\data\context_specific_models\GSE126848__obese_no_NAFLD__imat.json,
GSE126848,obese_no_NAFLD,tinit,7734.0,D:\Mahdi\GEM1\data\context_specific_models\GSE126848__obese_no_NAFLD__tinit.json,
GSE126848,steatosis,fastcore,6614.0,D:\Mahdi\GEM1\data\context_specific_models\GSE126848__steatosis__fastcore.json,
GSE126848,steatosis,gimme,10442.0,D:\Mahdi\GEM1\data\context_specific_models\GSE126848__steatosis__gimme.json,
GSE126848,steatosis,imat,5688.0,D:\Mahdi\GEM1\data\context_specific_models\GSE126848__steatosis__imat.json,
GSE126848,steatosis,tinit,7625.0,D:\Mahdi\GEM1\data\context_specific_models\GSE126848__steatosis__tinit.json,
GSE135251,NASH,fastcore,6174.0,D:\Mahdi\GEM1\data\context_specific_models\GSE135251__NASH__fastcore.json,
GSE135251,NASH,gimme,10696.0,D:\Mahdi\GEM1\data\context_specific_models\GSE135251__NASH__gimme.json,
GSE135251,NASH,imat,5356.0,D:\Mahdi\GEM1\data\context_specific_models\GSE135251__NASH__imat.json,
GSE135251,NASH,tinit,7884.0,D:\Mahdi\GEM1\data\context_specific_models\GSE135251__NASH__tinit.json,
GSE135251,healthy,fastcore,6214.0,D:\Mahdi\GEM1\data\context_specific_models\GSE135251__healthy__fastcore.json,
GSE135251,healthy,gimme,10559.0,D:\Mahdi\GEM1\data\context_specific_models\GSE135251__healthy__gimme.json,
GSE135251,healthy,imat,5488.0,D:\Mahdi\GEM1\data\context_specific_models\GSE135251__healthy__imat.json,
GSE135251,healthy,tinit,8049.0,D:\Mahdi\GEM1\data\context_specific_models\GSE135251__healthy__tinit.json,
GSE135251,steatosis,fastcore,6000.0,D:\Mahdi\GEM1\data\context_specific_models\GSE135251__steatosis__fastcore.json,
GSE135251,steatosis,gimme,10662.0,D:\Mahdi\GEM1\data\context_specific_models\GSE135251__steatosis__gimme.json,
GSE135251,steatosis,imat,5348.0,D:\Mahdi\GEM1\data\context_specific_models\GSE135251__steatosis__imat.json,
GSE135251,steatosis,tinit,7577.0,D:\Mahdi\GEM1\data\context_specific_models\GSE135251__steatosis__tinit.json,
