reaction_id,n_groups_eligible,n_groups_detected
MAR00003,10,0
MAR00004,5,0
MAR00005,5,0
MAR00009,5,0
MAR00010,5,0
MAR00011,8,0
MAR00012,2,0
MAR00015,5,0
MAR00016,3,0
MAR00019,10,0
MAR00020,9,0
MAR00035,10,0
MAR00036,1,0
MAR00038,4,0
MAR00040,2,1
MAR00050,2,0
MAR00056,5,1
MAR00057,3,0
MAR00061,10,4
MAR00063,8,1
MAR00064,10,0
MAR00067,8,6
MAR00075,5,3
MAR00076,10,0
MAR00077,10,1
MAR00078,10,0
MAR00079,3,0
MAR00083,10,0
MAR00084,10,0
MAR00085,10,0
MAR00090,7,0
MAR00099,8,0
MAR00100,6,0
MAR00101,5,0
MAR00102,10,0
MAR00103,3,0
MAR00104,7,2
MAR00105,10,2
MAR00106,7,0
MAR00107,9,0
MAR00108,5,0
MAR00109,7,0
MAR00110,10,0
MAR00111,10,0
MAR00112,8,6
MAR00114,1,0
MAR00115,5,0
MAR00116,5,0
MAR00118,5,0
MAR00123,9,2
MAR00124,2,2
MAR00125,5,2
MAR00128,7,4
MAR00136,1,0
MAR00138,9,0
MAR00142,9,0
MAR00143,7,0
MAR00144,10,0
MAR00145,5,0
MAR00146,10,0
MAR00147,10,0
MAR00149,5,0
MAR00150,6,0
MAR00152,7,1
MAR00155,10,0
MAR00156,10,0
MAR00158,3,0
MAR00159,5,0
MAR00160,8,5
MAR00161,10,7
MAR00162,10,3
MAR00163,3,3
MAR00164,10,0
MAR00165,10,0
MAR00166,5,0
MAR00167,9,0
MAR00168,10,0
MAR00169,5,1
MAR00170,10,0
MAR00171,10,0
MAR00172,8,0
MAR00173,10,0
MAR00174,10,0
MAR00175,8,3
MAR00176,10,0
MAR00177,10,0
MAR00178,7,0
MAR00179,10,0
MAR00180,10,0
MAR00181,5,0
MAR00182,7,0
MAR00183,10,0
MAR00184,10,0
MAR00185,8,0
MAR00186,6,3
MAR00187,10,0
MAR00188,7,0
MAR00189,10,1
MAR00191,10,0
MAR00192,9,0
MAR00193,10,0
MAR00194,3,0
MAR00195,10,0
MAR00196,7,0
MAR00197,10,1
MAR00199,10,0
MAR00200,7,0
MAR00201,10,0
MAR00202,4,0
MAR00203,10,0
MAR00204,7,0
MAR00206,10,0
MAR00207,4,0
MAR00208,10,0
MAR00209,7,0
MAR00210,10,0
MAR00211,3,0
MAR00212,10,0
MAR00213,7,0
MAR00214,10,0
MAR00216,10,3
MAR00217,7,3
MAR00219,7,0
MAR00220,10,0
MAR00221,10,0
MAR00222,7,5
MAR00223,10,1
MAR00224,3,0
MAR00225,10,0
MAR00226,7,0
MAR00227,7,5
MAR00229,8,0
MAR00230,10,1
MAR00232,10,0
MAR00233,7,0
MAR00234,10,0
MAR00236,10,0
MAR00237,8,0
MAR00238,10,0
MAR00240,10,0
MAR00241,7,0
MAR00242,10,0
MAR00243,4,0
MAR00244,10,0
MAR00245,8,0
MAR00246,10,0
MAR00248,10,0
MAR00249,7,0
MAR00250,10,0
MAR00252,10,0
MAR00253,3,0
MAR00254,10,0
MAR00255,7,0
MAR00256,10,0
MAR00257,3,0
MAR00258,10,0
MAR00259,7,0
MAR00260,10,0
MAR00261,3,0
MAR00262,10,0
MAR00263,7,0
MAR00264,10,0
MAR00265,3,0
MAR00266,10,0
MAR00267,7,0
MAR00268,10,0
MAR00270,10,0
MAR00271,7,0
MAR00272,10,0
MAR00273,3,0
MAR00274,10,0
MAR00275,7,0
MAR00276,10,0
MAR00278,10,0
MAR00279,8,0
MAR00280,10,0
MAR00281,3,0
MAR00282,10,2
MAR00283,7,2
MAR00284,10,0
MAR00285,2,0
MAR00286,8,0
MAR00288,10,0
MAR00289,7,0
MAR00290,10,0
MAR00291,3,0
MAR00292,10,0
MAR00293,7,0
MAR00294,10,0
MAR00295,3,0
MAR00296,10,0
MAR00297,7,0
MAR00298,10,0
MAR00299,3,0
MAR00300,10,0
MAR00301,7,0
MAR00302,10,0
MAR00303,4,0
MAR00304,10,0
MAR00305,7,0
MAR00306,10,0
MAR00308,10,0
MAR00309,7,0
MAR00310,10,0
MAR00312,10,0
MAR00313,7,0
MAR00314,10,0
MAR00315,9,0
MAR00318,10,0
MAR00319,7,0
MAR00320,10,0
MAR00322,10,0
MAR00323,7,0
MAR00324,10,0
MAR00325,4,0
MAR00326,10,0
MAR00327,7,0
MAR00328,10,0
MAR00329,4,0
MAR00330,10,0
MAR00331,7,0
MAR00332,10,0
MAR00336,10,0
MAR00337,7,0
MAR00338,10,0
MAR00339,1,0
MAR00340,10,2
MAR00341,7,2
MAR00342,10,0
MAR00343,3,0
MAR00344,10,1
MAR00345,7,1
MAR00346,10,0
MAR00348,10,0
MAR00349,8,0
MAR00350,10,0
MAR00352,10,0
MAR00353,7,0
MAR00354,10,0
MAR00356,10,5
MAR00357,7,5
MAR00358,10,0
MAR00360,10,7
MAR00361,7,7
MAR00362,10,0
MAR00363,3,0
MAR00364,10,7
MAR00365,7,7
MAR00366,10,0
MAR00367,3,0
MAR00368,10,0
MAR00369,7,0
MAR00370,10,0
MAR00371,3,0
MAR00372,10,3
MAR00373,7,3
MAR00374,10,0
MAR00376,10,5
MAR00377,7,5
MAR00378,10,0
MAR00379,3,0
MAR00380,10,0
MAR00381,8,0
MAR00382,10,0
MAR00383,3,0
MAR00384,10,0
MAR00385,8,0
MAR00386,10,0
MAR00387,3,0
MAR00388,10,0
MAR00389,7,0
MAR00390,10,0
MAR00392,10,0
MAR00393,7,0
MAR00394,10,0
MAR00395,5,0
MAR00396,10,1
MAR00397,7,1
MAR00398,10,0
MAR00400,10,0
MAR00401,7,0
MAR00402,10,0
MAR00403,3,0
MAR00404,10,0
MAR00405,7,0
MAR00406,10,0
MAR00407,3,0
MAR00408,10,4
MAR00409,7,0
MAR00410,10,1
MAR00411,3,0
MAR00412,10,7
MAR00413,7,7
MAR00414,10,0
MAR00416,10,1
MAR00417,7,1
MAR00418,10,0
MAR00419,4,0
MAR00420,10,2
MAR00421,7,2
MAR00422,10,0
MAR00423,3,0
MAR00424,10,2
MAR00425,7,2
MAR00426,10,0
MAR00427,3,0
MAR00428,10,0
MAR00429,7,0
MAR00430,10,0
MAR00431,4,0
MAR00432,10,0
MAR00433,7,0
MAR00434,10,0
MAR00435,4,0
MAR00436,10,0
MAR00437,7,0
MAR00438,10,0
MAR00439,4,0
MAR00440,10,0
MAR00443,7,4
MAR00444,2,0
MAR00451,6,0
MAR00452,5,1
MAR00453,10,2
MAR00455,6,2
MAR00456,10,1
MAR00457,1,0
MAR00458,10,1
MAR00459,10,1
MAR00460,10,1
MAR00461,5,0
MAR00462,5,0
MAR00465,8,1
MAR00466,5,0
MAR00467,5,0
MAR00468,4,0
MAR00470,4,0
MAR00476,4,0
MAR00481,6,6
MAR00486,8,0
MAR00487,8,0
MAR00488,8,0
MAR00489,8,0
MAR00490,8,0
MAR00491,8,0
MAR00492,8,0
MAR00493,8,0
MAR00494,7,0
MAR00495,8,0
MAR00496,8,0
MAR00497,8,0
MAR00498,8,0
MAR00499,8,0
MAR00500,8,0
MAR00501,8,0
MAR00502,8,0
MAR00503,8,0
MAR00504,8,0
MAR00505,8,0
MAR00506,8,0
MAR00507,8,0
MAR00508,8,0
MAR00509,8,0
MAR00510,8,0
MAR00511,8,0
MAR00512,8,0
MAR00513,8,0
MAR00514,8,0
MAR00515,8,0
MAR00516,8,0
MAR00517,8,0
MAR00518,8,0
MAR00519,8,0
MAR00520,8,0
MAR00521,8,0
MAR00522,8,0
MAR00523,8,0
MAR00524,8,0
MAR00525,8,0
MAR00526,8,0
MAR00527,8,0
MAR00528,8,0
MAR00529,8,0
MAR00530,8,0
MAR00531,8,0
MAR00532,8,0
MAR00533,8,0
MAR00534,8,0
MAR00535,8,0
MAR00536,8,0
MAR00537,8,0
MAR00538,8,0
MAR00539,8,0
MAR00540,8,0
MAR00541,8,0
MAR00542,8,0
MAR00543,8,0
MAR00544,8,0
MAR00553,4,0
MAR00561,4,0
MAR00566,10,7
MAR00567,10,2
MAR00568,10,9
MAR00571,10,7
MAR00572,1,0
MAR00573,8,5
MAR00574,9,0
MAR00575,10,2
MAR00576,8,0
MAR00577,10,5
MAR00583,10,0
MAR00593,10,0
MAR00594,4,0
MAR00596,1,0
MAR00597,1,0
MAR00599,10,0
MAR00600,1,0
MAR00601,10,0
MAR00602,4,0
MAR00603,5,0
MAR00605,9,0
MAR00611,10,3
MAR00617,9,1
MAR00618,9,2
MAR00619,6,0
MAR00620,9,0
MAR00621,9,0
MAR00624,8,0
MAR00625,4,1
MAR00626,10,0
MAR00630,2,0
MAR00631,8,0
MAR00633,2,0
MAR00634,5,0
MAR00637,9,0
MAR00639,10,0
MAR00641,4,0
MAR00643,2,0
MAR00648,3,0
MAR00650,9,0
MAR00655,6,0
MAR00662,10,0
MAR00663,1,0
MAR00665,9,0
MAR00667,10,0
MAR00668,10,0
MAR00669,10,0
MAR00671,10,0
MAR00672,10,0
MAR00679,7,0
MAR00680,7,0
MAR00682,6,0
MAR00683,9,0
MAR00684,6,0
MAR00695,9,0
MAR00696,5,0
MAR00697,9,3
MAR00698,9,0
MAR00699,10,2
MAR00700,10,1
MAR00701,10,7
MAR00702,10,0
MAR00704,10,0
MAR00709,10,1
MAR00712,10,1
MAR00714,8,0
MAR00720,10,0
MAR00722,5,0
MAR00730,2,1
MAR00732,1,0
MAR00734,2,0
MAR00737,7,0
MAR00739,5,0
MAR00748,2,0
MAR00750,7,0
MAR00752,3,0
MAR00755,3,0
MAR00756,3,0
MAR00757,3,0
MAR00759,5,3
MAR00762,4,0
MAR00763,8,1
MAR00764,3,0
MAR00765,3,0
MAR00767,1,0
MAR00770,1,0
MAR00771,8,1
MAR00772,3,0
MAR00774,3,0
MAR00777,5,5
MAR00780,3,0
MAR00782,6,0
MAR00784,3,0
MAR00785,3,2
MAR00788,3,2
MAR00794,2,0
MAR00796,4,0
MAR00799,4,1
MAR00803,3,0
MAR00804,3,0
MAR00807,3,0
MAR00808,3,0
MAR00818,3,0
MAR00821,3,0
MAR00825,1,0
MAR00826,7,0
MAR00828,3,0
MAR00833,5,3
MAR00835,4,0
MAR00836,4,0
MAR00837,3,0
MAR00838,4,0
MAR00844,3,0
MAR00845,4,0
MAR00847,1,0
MAR00850,1,0
MAR00859,1,0
MAR00869,3,0
MAR00872,5,4
MAR00874,4,0
MAR00875,1,0
MAR00916,3,0
MAR00918,3,0
MAR00922,3,0
MAR00923,7,4
MAR00927,10,3
MAR00930,3,0
MAR00931,10,0
MAR00932,10,0
MAR00933,10,0
MAR00934,10,0
MAR00935,10,0
MAR00936,10,0
MAR00937,10,0
MAR00938,10,0
MAR00939,10,0
MAR00940,10,0
MAR00942,10,0
MAR00943,10,8
MAR00944,10,0
MAR00945,10,0
MAR00946,10,0
MAR00947,10,5
MAR00948,10,0
MAR00949,10,0
MAR00950,10,0
MAR00951,10,0
MAR00952,5,1
MAR00953,10,0
MAR00954,10,0
MAR00955,10,0
MAR00956,10,0
MAR00957,10,0
MAR00960,10,0
MAR00962,10,0
MAR00963,10,0
MAR00968,5,3
MAR00969,10,0
MAR00970,2,0
MAR00971,1,0
MAR00972,5,2
MAR00974,5,1
MAR00975,5,1
MAR00977,2,1
MAR00978,2,0
MAR00979,10,0
MAR00980,9,0
MAR00981,9,0
MAR00982,5,2
MAR00986,1,0
MAR00987,1,0
MAR00991,10,0
MAR00992,10,0
MAR00993,10,0
MAR00994,10,0
MAR00995,2,0
MAR00996,2,0
MAR00997,2,0
MAR00998,1,0
MAR00999,1,0
MAR01000,1,0
MAR01001,5,4
MAR01002,10,0
MAR01003,10,0
MAR01004,10,0
MAR01005,5,2
MAR01006,10,0
MAR01007,10,0
MAR01008,10,0
MAR01017,1,0
MAR01018,1,0
MAR01022,10,0
MAR01023,10,0
MAR01025,10,0
MAR01026,10,0
MAR01027,10,0
MAR01028,10,0
MAR01033,10,0
MAR01034,1,0
MAR01035,10,0
MAR01036,7,0
MAR01037,7,0
MAR01038,10,0
MAR01039,7,0
MAR01040,7,0
MAR01041,10,0
MAR01042,10,0
MAR01043,10,0
MAR01045,10,0
MAR01048,10,0
MAR01049,10,0
MAR01050,10,0
MAR01051,10,0
MAR01052,10,0
MAR01054,10,0
MAR01055,10,0
MAR01057,10,0
MAR01058,10,0
MAR01059,10,0
MAR01061,10,0
MAR01062,1,0
MAR01063,1,0
MAR01064,1,0
MAR01065,10,0
MAR01066,10,0
MAR01067,10,0
MAR01068,10,0
MAR01069,10,0
MAR01070,10,0
MAR01071,7,0
MAR01072,7,0
MAR01073,1,0
MAR01074,10,0
MAR01080,2,0
MAR01086,1,0
MAR01087,10,0
MAR01088,10,0
MAR01089,10,0
MAR01090,9,0
MAR01091,4,0
MAR01092,10,0
MAR01094,8,0
MAR01095,7,2
MAR01096,1,0
MAR01097,10,0
MAR01098,10,0
MAR01099,10,0
MAR01100,10,0
MAR01102,4,0
MAR01103,10,0
MAR01104,10,0
MAR01105,9,0
MAR01107,10,0
MAR01108,10,0
MAR01109,10,0
MAR01110,10,0
MAR01111,10,0
MAR01112,10,0
MAR01113,10,0
MAR01114,10,0
MAR01115,10,0
MAR01116,10,0
MAR01117,10,0
MAR01119,10,0
MAR01120,10,0
MAR01121,10,0
MAR01122,10,0
MAR01123,10,0
MAR01124,10,0
MAR01125,10,0
MAR01126,10,0
MAR01127,10,0
MAR01128,9,0
MAR01129,10,0
MAR01130,10,0
MAR01131,10,0
MAR01132,10,0
MAR01133,10,0
MAR01134,10,0
MAR01135,8,0
MAR01136,1,0
MAR01137,10,0
MAR01138,10,0
MAR01139,10,0
MAR01140,10,0
MAR01142,1,0
MAR01143,10,0
MAR01144,10,0
MAR01145,10,0
MAR01146,10,0
MAR01147,10,0
MAR01148,10,0
MAR01149,10,0
MAR01150,10,0
MAR01151,10,0
MAR01152,10,0
MAR01153,10,0
MAR01154,10,0
MAR01155,10,0
MAR01156,10,0
MAR01157,10,0
MAR01158,7,0
MAR01159,4,0
MAR01160,7,0
MAR01161,10,0
MAR01162,10,0
MAR01163,10,0
MAR01164,10,0
MAR01165,10,0
MAR01166,10,0
MAR01167,10,0
MAR01168,10,0
MAR01170,10,0
MAR01171,10,0
MAR01172,8,0
MAR01173,8,0
MAR01174,10,0
MAR01175,10,0
MAR01176,10,0
MAR01177,10,0
MAR01178,10,0
MAR01179,10,0
MAR01180,10,0
MAR01181,10,0
MAR01182,10,0
MAR01183,10,0
MAR01184,10,0
MAR01186,10,0
MAR01187,10,0
MAR01188,10,0
MAR01189,10,0
MAR01190,10,0
MAR01191,10,0
MAR01192,10,0
MAR01193,10,0
MAR01194,10,0
MAR01195,10,0
MAR01196,10,0
MAR01197,10,0
MAR01198,10,0
MAR01199,10,0
MAR01200,10,0
MAR01201,10,0
MAR01202,10,0
MAR01203,7,0
MAR01204,10,0
MAR01205,7,0
MAR01206,10,0
MAR01207,7,0
MAR01208,10,0
MAR01209,7,0
MAR01210,10,0
MAR01211,7,0
MAR01212,10,0
MAR01213,7,0
MAR01214,4,0
MAR01215,6,0
MAR01216,10,0
MAR01217,10,0
MAR01218,10,0
MAR01219,10,0
MAR01220,10,0
MAR01221,10,0
MAR01222,10,0
MAR01223,10,0
MAR01224,10,0
MAR01225,10,0
MAR01226,10,0
MAR01228,10,0
MAR01229,10,0
MAR01230,10,0
MAR01231,3,0
MAR01232,7,0
MAR01233,7,0
MAR01234,9,0
MAR01236,10,0
MAR01238,10,0
MAR01241,10,0
MAR01242,1,0
MAR01243,5,0
MAR01244,1,0
MAR01245,5,0
MAR01246,1,0
MAR01247,10,0
MAR01249,10,0
MAR01251,10,0
MAR01253,10,0
MAR01254,10,0
MAR01255,10,0
MAR01256,10,0
MAR01257,10,0
MAR01258,10,0
MAR01259,10,0
MAR01260,10,0
MAR01261,10,0
MAR01262,10,0
MAR01263,9,0
MAR01264,7,0
MAR01266,7,0
MAR01268,4,0
MAR01270,10,0
MAR01271,10,0
MAR01272,10,0
MAR01273,10,0
MAR01274,10,0
MAR01275,10,0
MAR01276,10,0
MAR01277,10,0
MAR01278,10,0
MAR01279,10,0
MAR01280,9,0
MAR01281,2,0
MAR01282,5,0
MAR01283,4,0
MAR01284,6,0
MAR01285,9,0
MAR01286,10,0
MAR01287,10,0
MAR01288,10,0
MAR01289,10,0
MAR01290,10,0
MAR01291,10,0
MAR01292,10,0
MAR01293,10,0
MAR01294,10,0
MAR01295,10,0
MAR01296,10,0
MAR01297,10,0
MAR01298,10,0
MAR01299,10,0
MAR01300,10,0
MAR01301,10,0
MAR01303,10,0
MAR01304,10,0
MAR01309,7,0
MAR01310,6,0
MAR01311,8,0
MAR01312,7,0
MAR01315,8,0
MAR01316,7,0
MAR01317,10,0
MAR01318,10,0
MAR01319,10,0
MAR01320,6,0
MAR01322,6,0
MAR01323,3,0
MAR01324,7,2
MAR01325,1,0
MAR01326,4,0
MAR01327,3,0
MAR01328,10,0
MAR01329,9,0
MAR01331,10,0
MAR01332,9,0
MAR01333,10,0
MAR01334,8,0
MAR01335,8,0
MAR01336,10,0
MAR01337,10,0
MAR01338,10,0
MAR01340,1,0
MAR01341,10,0
MAR01342,10,0
MAR01343,10,0
MAR01344,10,0
MAR01345,10,0
MAR01350,2,0
MAR01354,3,0
MAR01364,7,0
MAR01365,10,0
MAR01366,10,0
MAR01367,10,0
MAR01368,2,0
MAR01369,4,0
MAR01370,10,0
MAR01373,1,0
MAR01374,10,0
MAR01375,10,0
MAR01376,10,0
MAR01377,3,0
MAR01379,10,0
MAR01381,2,0
MAR01382,10,0
MAR01383,10,0
MAR01384,10,0
MAR01385,8,0
MAR01387,10,0
MAR01391,2,0
MAR01392,1,0
MAR01393,2,0
MAR01394,1,0
MAR01397,2,0
MAR01398,10,0
MAR01401,7,0
MAR01402,3,0
MAR01434,4,0
MAR01435,2,0
MAR01437,5,0
MAR01438,2,0
MAR01443,1,0
MAR01445,2,0
MAR01447,7,1
MAR01448,2,0
MAR01449,5,1
MAR01450,1,0
MAR01451,2,0
MAR01452,9,0
MAR01453,8,0
MAR01454,5,0
MAR01456,8,2
MAR01457,5,0
MAR01460,4,0
MAR01461,10,8
MAR01462,10,7
MAR01464,1,1
MAR01468,2,0
MAR01470,1,0
MAR01472,10,0
MAR01473,1,0
MAR01475,5,0
MAR01477,1,0
MAR01478,1,0
MAR01479,1,0
MAR01480,3,0
MAR01484,6,0
MAR01485,2,1
MAR01487,10,2
MAR01488,7,0
MAR01489,7,0
MAR01490,6,0
MAR01491,9,0
MAR01492,9,1
MAR01493,6,0
MAR01494,6,0
MAR01495,1,0
MAR01496,1,0
MAR01498,5,0
MAR01500,6,0
MAR01502,6,0
MAR01503,6,0
MAR01504,6,0
MAR01505,6,0
MAR01506,7,1
MAR01508,7,5
MAR01509,6,0
MAR01512,5,0
MAR01514,8,0
MAR01526,7,0
MAR01530,8,4
MAR01531,10,0
MAR01532,2,0
MAR01533,5,0
MAR01535,5,0
MAR01536,5,0
MAR01538,5,0
MAR01539,5,0
MAR01540,5,0
MAR01543,5,0
MAR01544,5,0
MAR01545,5,0
MAR01546,5,0
MAR01547,5,0
MAR01548,5,0
MAR01549,5,0
MAR01550,5,0
MAR01551,1,0
MAR01552,1,0
MAR01553,6,0
MAR01561,7,2
MAR01562,5,1
MAR01567,7,7
MAR01570,5,0
MAR01572,9,1
MAR01573,10,1
MAR01577,4,1
MAR01582,2,0
MAR01587,1,0
MAR01588,9,0
MAR01589,10,0
MAR01590,10,0
MAR01593,10,0
MAR01594,1,0
MAR01595,10,0
MAR01598,10,0
MAR01599,9,0
MAR01602,8,4
MAR01604,8,4
MAR01605,7,4
MAR01606,5,0
MAR01608,10,5
MAR01609,7,5
MAR01610,7,6
MAR01611,9,4
MAR01613,7,5
MAR01614,7,4
MAR01616,10,2
MAR01619,7,0
MAR01620,9,4
MAR01621,10,3
MAR01623,6,1
MAR01624,7,0
MAR01625,7,0
MAR01626,10,4
MAR01627,7,0
MAR01629,10,0
MAR01631,10,0
MAR01632,10,0
MAR01633,10,5
MAR01638,7,0
MAR01640,1,0
MAR01642,8,0
MAR01645,8,6
MAR01646,10,0
MAR01647,1,0
MAR01648,7,6
MAR01652,10,0
MAR01663,4,0
MAR01665,4,0
MAR01667,10,0
MAR01668,10,0
MAR01670,10,0
MAR01671,10,0
MAR01672,9,1
MAR01673,10,1
MAR01674,5,0
MAR01676,9,0
MAR01678,10,0
MAR01679,9,1
MAR01681,7,0
MAR01682,7,0
MAR01685,7,7
MAR01687,7,0
MAR01689,7,0
MAR01690,1,0
MAR01691,7,0
MAR01693,7,6
MAR01695,7,0
MAR01697,7,0
MAR01699,7,0
MAR01700,10,0
MAR01701,5,0
MAR01703,3,0
MAR01704,3,0
MAR01706,10,2
MAR01708,10,0
MAR01710,10,0
MAR01711,10,0
MAR01714,5,0
MAR01715,2,0
MAR01717,1,0
MAR01718,10,0
MAR01719,1,1
MAR01720,10,0
MAR01721,10,0
MAR01722,10,0
MAR01723,10,0
MAR01725,7,0
MAR01726,7,0
MAR01727,7,0
MAR01728,1,0
MAR01729,7,0
MAR01731,2,0
MAR01732,5,0
MAR01733,3,0
MAR01734,7,0
MAR01736,5,0
MAR01738,10,0
MAR01739,10,0
MAR01740,10,0
MAR01741,10,0
MAR01742,10,0
MAR01743,10,0
MAR01744,10,0
MAR01745,10,0
MAR01746,10,0
MAR01747,10,0
MAR01748,10,0
MAR01749,10,0
MAR01750,10,0
MAR01751,10,0
MAR01752,10,0
MAR01753,10,0
MAR01754,10,0
MAR01755,8,0
MAR01756,10,0
MAR01757,6,0
MAR01758,10,0
MAR01759,10,0
MAR01760,3,0
MAR01761,5,0
MAR01762,1,0
MAR01763,9,0
MAR01764,1,0
MAR01766,10,0
MAR01767,10,0
MAR01768,10,0
MAR01769,10,0
MAR01770,10,0
MAR01771,10,0
MAR01772,6,5
MAR01773,7,0
MAR01775,10,0
MAR01779,8,1
MAR01786,8,0
MAR01787,2,1
MAR01795,9,3
MAR01797,10,0
MAR01799,10,6
MAR01801,1,0
MAR01802,10,7
MAR01803,10,1
MAR01804,10,1
MAR01805,10,8
MAR01806,10,9
MAR01807,10,8
MAR01809,10,0
MAR01810,10,0
MAR01811,10,0
MAR01813,10,0
MAR01814,9,3
MAR01818,1,0
MAR01822,2,1
MAR01824,4,1
MAR01830,6,0
MAR01831,4,0
MAR01832,7,0
MAR01833,7,0
MAR01834,7,1
MAR01835,10,0
MAR01838,10,0
MAR01839,10,0
MAR01840,10,0
MAR01841,10,0
MAR01842,10,0
MAR01843,6,0
MAR01844,10,0
MAR01846,7,0
MAR01848,10,0
MAR01849,10,0
MAR01850,10,0
MAR01852,10,0
MAR01854,10,0
MAR01855,10,0
MAR01859,9,0
MAR01860,4,0
MAR01862,10,0
MAR01863,10,0
MAR01864,10,0
MAR01865,10,0
MAR01866,10,0
MAR01867,10,0
MAR01868,1,0
MAR01869,5,0
MAR01870,1,0
MAR01872,1,0
MAR01873,1,0
MAR01874,1,0
MAR01875,4,0
MAR01876,6,0
MAR01877,5,0
MAR01878,9,0
MAR01879,5,0
MAR01880,3,0
MAR01881,5,0
MAR01882,4,0
MAR01883,3,0
MAR01884,5,0
MAR01885,4,0
MAR01886,6,0
MAR01887,4,0
MAR01888,6,0
MAR01889,4,0
MAR01890,4,0
MAR01891,6,0
MAR01892,4,0
MAR01893,3,0
MAR01894,5,0
MAR01898,4,0
MAR01899,3,0
MAR01900,3,0
MAR01901,4,0
MAR01902,3,0
MAR01903,5,0
MAR01904,4,0
MAR01905,5,0
MAR01906,6,0
MAR01907,4,0
MAR01908,5,0
MAR01909,4,0
MAR01911,3,0
MAR01915,5,2
MAR01916,9,0
MAR01917,7,4
MAR01921,9,0
MAR01923,6,0
MAR01924,4,0
MAR01925,4,0
MAR01926,4,0
MAR01938,6,0
MAR01946,6,0
MAR01947,1,0
MAR01957,9,0
MAR01972,6,0
MAR01973,10,0
MAR01974,10,0
MAR01976,5,0
MAR01977,2,0
MAR01978,9,0
MAR01986,1,0
MAR01996,10,0
MAR01997,10,0
MAR01998,10,1
MAR01999,1,0
MAR02000,1,0
MAR02002,10,0
MAR02003,10,0
MAR02004,10,0
MAR02014,10,0
MAR02015,10,0
MAR02016,9,0
MAR02017,9,0
MAR02018,9,0
MAR02019,9,0
MAR02021,1,0
MAR02026,1,0
MAR02036,10,5
MAR02038,1,0
MAR02039,10,5
MAR02041,10,4
MAR02042,10,0
MAR02043,10,0
MAR02044,10,0
MAR02045,10,0
MAR02046,10,0
MAR02047,10,0
MAR02048,10,0
MAR02049,10,0
MAR02051,10,0
MAR02052,10,0
MAR02053,10,0
MAR02054,10,0
MAR02055,10,0
MAR02057,10,0
MAR02058,10,0
MAR02059,10,0
MAR02060,10,0
MAR02061,10,0
MAR02063,10,0
MAR02064,10,0
MAR02065,10,0
MAR02066,10,0
MAR02067,10,0
MAR02068,10,0
MAR02069,10,0
MAR02070,10,0
MAR02071,10,0
MAR02072,10,0
MAR02073,10,0
MAR02074,10,0
MAR02075,10,0
MAR02076,10,0
MAR02078,10,0
MAR02079,10,0
MAR02080,10,0
MAR02081,10,0
MAR02082,10,0
MAR02083,10,0
MAR02084,10,0
MAR02085,10,0
MAR02086,10,0
MAR02087,10,0
MAR02088,10,0
MAR02089,10,0
MAR02090,10,0
MAR02091,10,0
MAR02092,10,0
MAR02093,10,0
MAR02094,10,0
MAR02095,10,0
MAR02096,10,0
MAR02097,10,0
MAR02098,10,0
MAR02099,10,0
MAR02100,10,0
MAR02101,10,0
MAR02102,10,0
MAR02103,10,0
MAR02104,10,0
MAR02105,10,0
MAR02106,10,0
MAR02107,10,0
MAR02108,10,0
MAR02109,10,0
MAR02110,10,0
MAR02111,10,0
MAR02112,10,0
MAR02113,10,0
MAR02116,1,1
MAR02117,10,1
MAR02119,1,0
MAR02121,2,2
MAR02126,10,0
MAR02128,10,0
MAR02146,5,0
MAR02147,1,0
MAR02150,7,0
MAR02151,7,0
MAR02152,7,0
MAR02153,7,0
MAR02154,7,0
MAR02155,7,0
MAR02156,7,0
MAR02157,7,0
MAR02158,7,0
MAR02159,7,0
MAR02160,7,0
MAR02161,7,0
MAR02162,7,0
MAR02163,7,0
MAR02164,7,0
MAR02165,7,0
MAR02166,7,0
MAR02167,7,0
MAR02168,7,0
MAR02169,7,0
MAR02170,7,0
MAR02171,7,0
MAR02172,7,0
MAR02173,7,0
MAR02174,7,0
MAR02175,7,0
MAR02176,7,0
MAR02177,7,0
MAR02178,7,0
MAR02179,7,0
MAR02180,7,0
MAR02181,7,0
MAR02182,7,0
MAR02184,1,0
MAR02190,3,0
MAR02191,3,0
MAR02193,3,0
MAR02194,3,0
MAR02200,5,0
MAR02201,6,1
MAR02202,6,1
MAR02203,6,1
MAR02204,3,1
MAR02205,6,0
MAR02206,7,5
MAR02208,6,0
MAR02209,6,0
MAR02210,3,0
MAR02211,6,0
MAR02212,6,0
MAR02213,6,0
MAR02214,3,0
MAR02215,5,0
MAR02216,7,5
MAR02217,5,0
MAR02218,5,0
MAR02219,2,0
MAR02220,9,6
MAR02222,1,0
MAR02223,4,0
MAR02224,1,0
MAR02226,2,1
MAR02227,7,0
MAR02228,7,0
MAR02229,7,0
MAR02230,7,0
MAR02231,7,0
MAR02232,7,0
MAR02233,7,0
MAR02234,7,0
MAR02235,7,0
MAR02236,7,0
MAR02237,7,0
MAR02238,7,0
MAR02239,7,0
MAR02240,7,0
MAR02241,7,0
MAR02242,7,0
MAR02243,7,0
MAR02244,7,0
MAR02245,7,0
MAR02246,7,0
MAR02247,7,0
MAR02248,7,0
MAR02249,7,0
MAR02250,7,0
MAR02251,7,0
MAR02252,7,0
MAR02253,7,0
MAR02254,7,0
MAR02255,7,0
MAR02256,7,0
MAR02257,7,0
MAR02258,7,0
MAR02259,3,0
MAR02260,3,0
MAR02261,3,0
MAR02263,4,0
MAR02264,4,0
MAR02265,4,0
MAR02266,1,0
MAR02267,3,0
MAR02268,3,0
MAR02269,3,0
MAR02272,7,0
MAR02275,10,0
MAR02278,10,2
MAR02281,10,2
MAR02282,10,0
MAR02283,6,0
MAR02284,10,1
MAR02286,10,0
MAR02287,10,2
MAR02288,10,0
MAR02289,10,0
MAR02292,10,0
MAR02293,10,0
MAR02294,10,0
MAR02295,10,1
MAR02296,10,0
MAR02299,6,3
MAR02303,8,4
MAR02305,6,0
MAR02306,1,0
MAR02307,6,0
MAR02309,6,0
MAR02310,7,0
MAR02311,3,0
MAR02312,7,0
MAR02313,2,0
MAR02314,7,0
MAR02315,7,0
MAR02316,5,0
MAR02317,7,0
MAR02318,3,0
MAR02319,7,0
MAR02320,2,0
MAR02321,4,0
MAR02322,7,0
MAR02323,7,0
MAR02324,7,0
MAR02325,7,0
MAR02326,7,0
MAR02327,7,0
MAR02328,7,0
MAR02329,4,0
MAR02330,4,0
MAR02331,9,0
MAR02332,9,0
MAR02333,7,0
MAR02334,9,0
MAR02335,6,0
MAR02336,9,0
MAR02337,7,4
MAR02338,6,0
MAR02339,8,4
MAR02340,9,0
MAR02342,7,0
MAR02343,7,0
MAR02344,7,0
MAR02345,4,0
MAR02346,6,0
MAR02347,8,0
MAR02348,8,0
MAR02349,8,0
MAR02350,4,0
MAR02353,6,0
MAR02354,6,0
MAR02355,6,0
MAR02356,3,0
MAR02359,7,0
MAR02361,7,3
MAR02362,7,3
MAR02363,7,3
MAR02364,4,3
MAR02365,8,3
MAR02368,7,1
MAR02371,6,0
MAR02374,6,0
MAR02376,6,0
MAR02377,8,0
MAR02378,1,0
MAR02379,8,0
MAR02380,7,0
MAR02381,10,0
MAR02382,4,0
MAR02383,8,0
MAR02386,3,0
MAR02387,8,0
MAR02389,8,0
MAR02391,6,0
MAR02395,7,0
MAR02396,7,0
MAR02397,7,0
MAR02398,7,0
MAR02399,6,0
MAR02400,7,0
MAR02401,4,0
MAR02403,8,0
MAR02404,2,0
MAR02405,5,3
MAR02406,6,0
MAR02407,7,2
MAR02408,7,0
MAR02409,7,0
MAR02410,7,0
MAR02412,9,2
MAR02413,9,4
MAR02414,5,0
MAR02415,5,0
MAR02416,9,3
MAR02417,5,0
MAR02418,10,6
MAR02419,5,0
MAR02420,6,0
MAR02421,2,0
MAR02422,8,0
MAR02423,5,0
MAR02426,5,0
MAR02427,10,0
MAR02428,5,0
MAR02429,9,0
MAR02430,2,0
MAR02431,9,0
MAR02432,8,0
MAR02433,6,0
MAR02434,6,0
MAR02435,6,0
MAR02436,3,0
MAR02439,10,0
MAR02441,10,0
MAR02442,5,0
MAR02443,5,0
MAR02445,5,0
MAR02446,5,0
MAR02447,5,0
MAR02449,5,0
MAR02450,3,0
MAR02451,4,0
MAR02452,10,0
MAR02453,5,0
MAR02454,10,0
MAR02455,10,0
MAR02456,10,0
MAR02457,10,0
MAR02458,10,0
MAR02459,10,0
MAR02460,10,0
MAR02463,10,0
MAR02464,10,0
MAR02465,10,0
MAR02466,10,0
MAR02467,10,0
MAR02468,10,0
MAR02469,10,0
MAR02470,10,0
MAR02471,9,0
MAR02472,7,0
MAR02473,2,0
MAR02474,2,0
MAR02475,5,0
MAR02476,4,0
MAR02477,2,0
MAR02478,5,0
MAR02479,8,0
MAR02480,5,0
MAR02481,9,0
MAR02484,7,5
MAR02486,3,0
MAR02489,3,0
MAR02491,3,0
MAR02497,2,0
MAR02499,8,0
MAR02501,8,0
MAR02503,5,0
MAR02505,8,0
MAR02509,7,4
MAR02510,7,0
MAR02511,7,0
MAR02512,7,0
MAR02514,7,4
MAR02515,6,0
MAR02516,6,0
MAR02518,6,0
MAR02520,3,0
MAR02522,4,0
MAR02524,4,0
MAR02526,3,0
MAR02527,9,0
MAR02528,2,0
MAR02530,4,0
MAR02533,4,0
MAR02535,4,0
MAR02537,1,0
MAR02540,4,0
MAR02541,4,0
MAR02542,4,0
MAR02543,1,0
MAR02544,10,0
MAR02545,10,0
MAR02546,10,0
MAR02547,10,0
MAR02548,10,0
MAR02549,10,0
MAR02550,10,0
MAR02551,10,0
MAR02552,1,0
MAR02553,10,0
MAR02554,10,0
MAR02555,10,0
MAR02556,1,0
MAR02560,1,0
MAR02561,10,0
MAR02562,10,0
MAR02563,10,0
MAR02564,10,0
MAR02565,1,0
MAR02566,2,0
MAR02567,6,0
MAR02568,1,0
MAR02569,10,1
MAR02570,10,0
MAR02571,10,0
MAR02572,10,0
MAR02573,10,0
MAR02574,10,0
MAR02575,10,0
MAR02576,10,0
MAR02577,10,0
MAR02578,10,0
MAR02579,10,0
MAR02580,10,0
MAR02583,3,0
MAR02584,3,0
MAR02585,2,0
MAR02586,1,0
MAR02587,6,0
MAR02592,1,0
MAR02596,8,0
MAR02598,7,0
MAR02599,10,3
MAR02600,9,2
MAR02601,9,2
MAR02602,5,1
MAR02603,10,2
MAR02604,10,2
MAR02605,2,0
MAR02606,4,0
MAR02607,4,0
MAR02608,5,2
MAR02609,10,2
MAR02610,10,2
MAR02611,5,2
MAR02612,9,3
MAR02613,10,5
MAR02614,5,0
MAR02616,9,0
MAR02618,9,0
MAR02620,5,1
MAR02621,10,1
MAR02622,10,1
MAR02623,2,0
MAR02624,9,0
MAR02625,5,0
MAR02626,5,3
MAR02629,10,2
MAR02630,8,2
MAR02633,5,2
MAR02634,10,1
MAR02635,10,0
MAR02636,5,0
MAR02638,9,0
MAR02640,10,0
MAR02642,5,0
MAR02644,6,0
MAR02646,10,0
MAR02648,7,0
MAR02649,9,0
MAR02650,9,0
MAR02651,7,0
MAR02652,9,0
MAR02653,9,0
MAR02655,9,0
MAR02656,8,0
MAR02657,5,0
MAR02658,10,0
MAR02659,10,0
MAR02660,5,0
MAR02661,8,0
MAR02662,8,0
MAR02663,5,0
MAR02664,10,0
MAR02665,10,0
MAR02666,5,1
MAR02667,8,2
MAR02668,10,0
MAR02669,10,0
MAR02670,10,0
MAR02671,10,0
MAR02675,5,0
MAR02676,9,0
MAR02677,9,0
MAR02678,1,0
MAR02679,10,0
MAR02680,4,0
MAR02681,10,0
MAR02682,10,0
MAR02683,10,0
MAR02684,5,0
MAR02685,8,0
MAR02686,8,0
MAR02687,10,0
MAR02688,10,0
MAR02689,10,0
MAR02690,10,0
MAR02691,10,0
MAR02692,10,0
MAR02693,10,3
MAR02695,10,3
MAR02697,10,3
MAR02699,10,0
MAR02700,10,0
MAR02701,10,0
MAR02702,9,0
MAR02703,10,0
MAR02704,10,0
MAR02705,10,0
MAR02706,10,0
MAR02707,10,0
MAR02708,10,0
MAR02709,10,0
MAR02710,10,0
MAR02711,8,0
MAR02712,9,0
MAR02713,9,0
MAR02714,6,1
MAR02715,9,0
MAR02716,10,1
MAR02717,10,0
MAR02718,10,0
MAR02719,10,0
MAR02720,7,7
MAR02722,10,7
MAR02724,8,7
MAR02726,10,7
MAR02727,9,7
MAR02729,10,7
MAR02730,9,7
MAR02731,10,7
MAR02732,10,7
MAR02733,10,0
MAR02734,10,0
MAR02735,10,0
MAR02736,10,0
MAR02737,10,0
MAR02738,10,0
MAR02739,10,0
MAR02740,10,0
MAR02741,10,0
MAR02742,5,0
MAR02744,10,0
MAR02745,10,2
MAR02746,5,1
MAR02748,10,0
MAR02750,10,1
MAR02752,5,0
MAR02753,9,0
MAR02754,4,0
MAR02755,3,0
MAR02757,9,0
MAR02758,1,0
MAR02759,10,0
MAR02760,9,0
MAR02761,10,0
MAR02762,8,0
MAR02764,8,0
MAR02766,8,0
MAR02768,9,0
MAR02769,10,0
MAR02770,10,0
MAR02771,10,0
MAR02772,10,0
MAR02773,10,0
MAR02774,10,0
MAR02775,10,0
MAR02776,10,0
MAR02778,3,0
MAR02779,8,0
MAR02780,1,0
MAR02783,3,0
MAR02785,3,0
MAR02801,3,0
MAR02804,7,0
MAR02807,2,0
MAR02808,7,0
MAR02809,2,0
MAR02810,7,0
MAR02817,1,0
MAR02818,5,0
MAR02819,2,0
MAR02827,1,0
MAR02839,1,0
MAR02840,2,0
MAR02851,1,0
MAR02852,2,0
MAR02853,1,0
MAR02854,1,0
MAR02859,2,0
MAR02861,1,0
MAR02862,2,0
MAR02863,1,0
MAR02864,1,0
MAR02865,2,1
MAR02866,2,1
MAR02867,2,0
MAR02868,2,0
MAR02869,1,0
MAR02870,2,0
MAR02875,1,0
MAR02876,1,0
MAR02877,1,0
MAR02879,2,0
MAR02880,3,0
MAR02882,2,0
MAR02884,3,0
MAR02886,1,0
MAR02888,2,0
MAR02890,1,0
MAR02892,1,0
MAR02894,1,0
MAR02895,9,1
MAR02896,1,0
MAR02897,2,0
MAR02901,2,0
MAR02905,2,0
MAR02921,5,0
MAR02924,5,0
MAR02925,1,0
MAR02926,2,0
MAR02927,5,0
MAR02942,7,0
MAR02943,7,0
MAR02944,7,0
MAR02945,7,0
MAR02946,7,0
MAR02947,7,0
MAR02948,7,0
MAR02949,7,0
MAR02951,7,0
MAR02952,7,0
MAR02953,7,0
MAR02954,7,0
MAR02955,7,0
MAR02956,7,0
MAR02957,7,0
MAR02959,7,0
MAR02961,7,0
MAR02962,7,0
MAR02963,7,0
MAR02964,7,0
MAR02965,7,0
MAR02966,7,0
MAR02967,7,0
MAR02968,7,0
MAR02969,7,0
MAR02970,7,0
MAR02971,7,0
MAR02972,7,0
MAR02973,7,0
MAR02974,7,0
MAR02975,7,0
MAR02976,7,0
MAR02977,7,0
MAR02978,7,0
MAR02979,7,0
MAR02980,7,0
MAR02981,7,0
MAR02982,7,0
MAR02983,7,0
MAR02984,7,1
MAR02985,7,0
MAR02986,7,0
MAR02987,7,0
MAR02988,7,0
MAR02989,7,0
MAR02990,7,0
MAR02991,7,0
MAR02992,7,0
MAR02994,7,0
MAR02996,7,0
MAR02998,7,0
MAR02999,7,0
MAR03000,7,0
MAR03001,7,0
MAR03002,7,0
MAR03003,7,0
MAR03007,4,3
MAR03013,7,0
MAR03015,10,0
MAR03016,7,2
MAR03017,7,0
MAR03022,7,2
MAR03023,7,1
MAR03024,2,0
MAR03025,2,1
MAR03029,6,6
MAR03030,7,6
MAR03032,5,2
MAR03033,8,1
MAR03034,2,1
MAR03035,10,4
MAR03037,6,4
MAR03047,6,6
MAR03057,7,0
MAR03058,7,0
MAR03059,7,0
MAR03062,7,0
MAR03063,7,0
MAR03064,7,0
MAR03066,7,0
MAR03067,7,0
MAR03068,7,0
MAR03070,7,0
MAR03071,7,0
MAR03072,7,0
MAR03074,7,0
MAR03075,7,0
MAR03076,7,0
MAR03078,5,0
MAR03079,7,0
MAR03080,7,0
MAR03082,7,0
MAR03083,7,0
MAR03084,7,0
MAR03086,5,0
MAR03087,7,0
MAR03088,7,0
MAR03090,7,1
MAR03091,7,0
MAR03092,7,0
MAR03094,7,0
MAR03095,7,0
MAR03096,7,0
MAR03098,7,2
MAR03099,7,0
MAR03100,7,0
MAR03102,7,4
MAR03103,7,4
MAR03104,7,4
MAR03105,9,4
MAR03106,9,6
MAR03107,10,0
MAR03108,10,0
MAR03109,10,0
MAR03110,10,0
MAR03111,10,0
MAR03112,10,0
MAR03113,10,0
MAR03114,10,0
MAR03115,9,0
MAR03116,7,2
MAR03117,7,2
MAR03118,7,2
MAR03121,9,0
MAR03122,9,2
MAR03123,9,2
MAR03125,9,2
MAR03128,10,0
MAR03129,10,0
MAR03130,3,2
MAR03132,3,2
MAR03135,10,0
MAR03136,10,1
MAR03137,3,0
MAR03139,3,0
MAR03142,8,0
MAR03143,10,0
MAR03144,3,1
MAR03146,3,1
MAR03149,8,1
MAR03150,10,1
MAR03151,10,1
MAR03153,10,1
MAR03156,6,0
MAR03157,10,0
MAR03158,10,0
MAR03160,10,0
MAR03163,9,7
MAR03164,10,7
MAR03166,10,7
MAR03168,3,0
MAR03170,10,0
MAR03171,10,0
MAR03172,10,0
MAR03173,10,0
MAR03174,10,0
MAR03175,10,0
MAR03176,10,0
MAR03177,10,0
MAR03178,10,0
MAR03179,10,0
MAR03180,10,0
MAR03181,10,0
MAR03182,10,0
MAR03183,10,0
MAR03184,10,0
MAR03185,10,0
MAR03186,10,0
MAR03187,10,0
MAR03188,10,0
MAR03189,10,0
MAR03190,10,0
MAR03191,10,0
MAR03192,10,0
MAR03193,10,0
MAR03194,10,0
MAR03195,10,0
MAR03196,10,0
MAR03197,10,0
MAR03198,10,0
MAR03199,10,0
MAR03200,10,0
MAR03201,10,0
MAR03202,10,0
MAR03203,10,0
MAR03204,10,0
MAR03205,10,0
MAR03206,8,5
MAR03209,10,10
MAR03210,8,1
MAR03212,10,0
MAR03213,3,0
MAR03214,9,9
MAR03218,10,0
MAR03219,10,0
MAR03220,10,0
MAR03221,10,0
MAR03222,10,0
MAR03223,10,0
MAR03224,10,0
MAR03225,10,0
MAR03226,10,0
MAR03227,10,0
MAR03228,10,0
MAR03230,10,0
MAR03231,10,0
MAR03232,10,0
MAR03233,10,0
MAR03234,10,1
MAR03235,10,1
MAR03236,10,1
MAR03237,10,1
MAR03239,10,1
MAR03240,10,0
MAR03241,10,0
MAR03242,10,0
MAR03243,10,0
MAR03244,10,0
MAR03245,10,0
MAR03246,10,0
MAR03247,10,0
MAR03250,10,0
MAR03252,10,0
MAR03254,10,0
MAR03256,10,0
MAR03258,10,0
MAR03259,5,1
MAR03260,10,0
MAR03262,10,0
MAR03264,10,0
MAR03265,1,0
MAR03272,10,0
MAR03273,7,0
MAR03275,10,0
MAR03276,7,0
MAR03277,10,0
MAR03278,10,0
MAR03279,10,0
MAR03280,10,0
MAR03281,10,0
MAR03282,10,0
MAR03283,10,0
MAR03284,10,0
MAR03285,8,0
MAR03286,8,0
MAR03287,8,0
MAR03288,8,0
MAR03289,7,0
MAR03290,10,0
MAR03292,10,0
MAR03293,10,0
MAR03294,10,0
MAR03298,10,0
MAR03302,7,0
MAR03304,7,0
MAR03305,7,0
MAR03307,7,0
MAR03309,7,0
MAR03310,7,0
MAR03312,7,0
MAR03314,7,0
MAR03315,7,0
MAR03316,7,0
MAR03317,7,0
MAR03319,7,0
MAR03321,5,0
MAR03323,8,0
MAR03326,7,1
MAR03327,7,1
MAR03328,7,1
MAR03329,7,1
MAR03330,7,0
MAR03331,7,0
MAR03332,7,0
MAR03333,7,0
MAR03334,7,0
MAR03335,7,0
MAR03336,7,0
MAR03337,7,0
MAR03338,7,0
MAR03339,7,0
MAR03340,7,0
MAR03342,7,0
MAR03343,7,0
MAR03344,7,0
MAR03346,7,0
MAR03347,7,0
MAR03348,7,0
MAR03350,7,0
MAR03351,7,0
MAR03352,7,0
MAR03355,6,0
MAR03356,7,0
MAR03357,7,0
MAR03358,7,0
MAR03359,7,0
MAR03360,7,0
MAR03361,7,0
MAR03362,7,0
MAR03363,7,0
MAR03365,7,0
MAR03367,7,0
MAR03368,7,0
MAR03370,7,0
MAR03371,5,0
MAR03372,7,0
MAR03374,10,0
MAR03375,6,0
MAR03376,10,0
MAR03377,10,0
MAR03378,10,0
MAR03379,10,0
MAR03380,10,0
MAR03381,10,0
MAR03382,2,0
MAR03383,3,0
MAR03386,8,6
MAR03398,10,5
MAR03399,1,0
MAR03404,2,0
MAR03406,10,0
MAR03407,10,0
MAR03408,10,0
MAR03411,10,0
MAR03413,10,0
MAR03414,10,3
MAR03416,10,0
MAR03420,1,0
MAR03421,10,0
MAR03423,10,0
MAR03424,10,0
MAR03425,10,0
MAR03427,10,0
MAR03428,10,7
MAR03429,10,7
MAR03430,10,7
MAR03431,10,0
MAR03432,10,0
MAR03433,10,0
MAR03437,10,7
MAR03438,1,0
MAR03439,2,0
MAR03452,10,0
MAR03453,10,0
MAR03454,10,0
MAR03455,10,0
MAR03456,10,0
MAR03457,10,0
MAR03458,10,0
MAR03473,10,0
MAR03477,3,0
MAR03478,5,0
MAR03480,5,0
MAR03481,5,0
MAR03482,10,0
MAR03483,9,0
MAR03484,10,0
MAR03485,1,0
MAR03486,10,0
MAR03488,10,0
MAR03491,10,0
MAR03493,10,0
MAR03494,1,0
MAR03498,10,0
MAR03500,1,0
MAR03501,10,0
MAR03503,10,0
MAR03505,10,0
MAR03506,8,0
MAR03508,8,0
MAR03509,8,0
MAR03510,8,0
MAR03511,8,0
MAR03512,8,0
MAR03513,8,0
MAR03514,8,0
MAR03515,7,0
MAR03517,8,0
MAR03519,10,0
MAR03520,8,0
MAR03521,8,0
MAR03522,10,0
MAR03523,10,0
MAR03524,10,0
MAR03525,10,0
MAR03526,2,0
MAR03527,10,0
MAR03528,10,0
MAR03529,10,0
MAR03530,10,0
MAR03531,10,0
MAR03532,10,0
MAR03533,10,0
MAR03534,10,0
MAR03536,1,0
MAR03540,10,0
MAR03545,10,0
MAR03547,10,0
MAR03551,10,0
MAR03552,10,0
MAR03554,10,0
MAR03574,10,0
MAR03575,10,0
MAR03576,10,0
MAR03577,10,0
MAR03578,10,0
MAR03581,10,0
MAR03586,10,0
MAR03587,10,0
MAR03588,10,0
MAR03589,10,0
MAR03590,8,0
MAR03593,10,0
MAR03599,6,0
MAR03604,1,0
MAR03605,1,0
MAR03625,7,0
MAR03626,7,0
MAR03627,5,0
MAR03628,7,0
MAR03629,7,0
MAR03630,7,0
MAR03631,7,0
MAR03633,7,0
MAR03634,1,0
MAR03635,7,0
MAR03636,7,0
MAR03637,7,0
MAR03639,7,0
MAR03640,4,0
MAR03642,7,0
MAR03644,7,0
MAR03645,7,0
MAR03646,7,0
MAR03647,7,0
MAR03648,7,0
MAR03649,7,0
MAR03650,7,0
MAR03651,7,0
MAR03652,7,0
MAR03653,4,0
MAR03654,7,0
MAR03655,7,0
MAR03656,7,0
MAR03657,7,0
MAR03658,7,0
MAR03659,7,0
MAR03660,7,0
MAR03661,2,0
MAR03662,3,0
MAR03663,5,0
MAR03664,2,0
MAR03665,7,0
MAR03666,7,0
MAR03667,7,0
MAR03668,4,0
MAR03669,7,0
MAR03670,7,0
MAR03674,3,0
MAR03675,1,0
MAR03677,7,0
MAR03678,7,0
MAR03679,7,0
MAR03680,7,0
MAR03681,7,0
MAR03682,7,0
MAR03684,7,0
MAR03685,7,0
MAR03686,7,0
MAR03687,7,0
MAR03688,7,0
MAR03689,7,0
MAR03690,7,0
MAR03691,3,0
MAR03692,7,0
MAR03693,6,0
MAR03694,7,0
MAR03695,7,0
MAR03696,7,0
MAR03697,7,0
MAR03698,7,0
MAR03699,7,0
MAR03700,4,0
MAR03701,7,0
MAR03703,7,0
MAR03704,7,0
MAR03705,7,0
MAR03706,7,0
MAR03707,7,0
MAR03708,7,0
MAR03709,7,0
MAR03710,7,0
MAR03711,7,0
MAR03712,4,0
MAR03713,7,0
MAR03714,7,0
MAR03715,7,0
MAR03716,7,0
MAR03717,7,0
MAR03718,7,0
MAR03719,7,0
MAR03720,2,0
MAR03721,2,0
MAR03722,7,0
MAR03723,2,0
MAR03724,7,0
MAR03725,7,0
MAR03726,7,0
MAR03727,7,0
MAR03728,7,0
MAR03729,7,0
MAR03732,2,0
MAR03733,3,0
MAR03734,3,0
MAR03735,5,0
MAR03736,7,0
MAR03737,7,0
MAR03738,7,0
MAR03739,7,0
MAR03740,7,0
MAR03741,7,0
MAR03746,3,0
MAR03750,5,0
MAR03752,10,0
MAR03753,10,0
MAR03755,10,0
MAR03756,10,0
MAR03757,10,0
MAR03759,10,1
MAR03761,6,0
MAR03762,10,0
MAR03764,10,0
MAR03768,7,4
MAR03770,5,0
MAR03771,5,0
MAR03774,3,1
MAR03782,7,0
MAR03784,10,0
MAR03785,10,5
MAR03790,10,0
MAR03792,10,2
MAR03793,5,2
MAR03795,6,0
MAR03796,7,0
MAR03799,10,0
MAR03800,3,1
MAR03801,8,0
MAR03802,10,10
MAR03803,4,0
MAR03804,10,10
MAR03805,7,0
MAR03806,10,3
MAR03807,9,3
MAR03809,10,2
MAR03811,7,0
MAR03813,3,0
MAR03815,10,1
MAR03816,10,0
MAR03817,10,10
MAR03818,3,0
MAR03819,4,0
MAR03820,5,0
MAR03822,3,0
MAR03823,8,5
MAR03827,10,5
MAR03829,10,6
MAR03836,8,0
MAR03840,1,0
MAR03846,7,0
MAR03848,5,1
MAR03849,10,0
MAR03850,10,0
MAR03853,6,0
MAR03859,8,0
MAR03861,3,0
MAR03862,2,0
MAR03863,9,5
MAR03864,5,5
MAR03865,9,0
MAR03866,9,0
MAR03867,3,0
MAR03868,2,0
MAR03869,1,1
MAR03870,2,1
MAR03873,10,1
MAR03874,7,0
MAR03875,10,0
MAR03877,5,0
MAR03879,3,0
MAR03883,6,0
MAR03885,10,8
MAR03886,10,0
MAR03887,4,0
MAR03890,7,0
MAR03894,4,0
MAR03898,10,0
MAR03899,9,0
MAR03901,1,1
MAR03905,10,0
MAR03907,2,0
MAR03908,10,0
MAR03912,10,0
MAR03920,10,0
MAR03925,7,0
MAR03928,5,0
MAR03929,10,3
MAR03933,6,0
MAR03934,4,0
MAR03935,8,0
MAR03937,2,0
MAR03946,10,7
MAR03947,9,7
MAR03948,2,0
MAR03949,3,3
MAR03950,5,2
MAR03951,6,1
MAR03952,8,2
MAR03953,7,0
MAR03958,9,9
MAR03967,9,0
MAR03972,2,0
MAR03974,6,0
MAR03975,3,3
MAR03977,4,4
MAR03979,4,2
MAR03984,10,7
MAR03987,3,0
MAR03988,3,0
MAR03991,10,0
MAR03992,10,0
MAR03995,3,0
MAR03996,10,0
MAR03997,7,0
MAR03998,9,0
MAR04002,10,0
MAR04003,6,0
MAR04004,10,0
MAR04006,3,0
MAR04007,3,0
MAR04008,10,0
MAR04016,3,0
MAR04018,3,0
MAR04024,10,0
MAR04028,3,0
MAR04038,3,0
MAR04044,3,0
MAR04052,5,0
MAR04059,9,1
MAR04060,9,0
MAR04062,10,0
MAR04067,1,0
MAR04071,7,0
MAR04078,2,0
MAR04079,10,3
MAR04083,3,0
MAR04084,3,0
MAR04092,5,0
MAR04093,3,1
MAR04094,6,0
MAR04095,3,2
MAR04100,1,0
MAR04101,7,2
MAR04103,7,2
MAR04104,1,0
MAR04109,8,4
MAR04118,1,0
MAR04120,10,0
MAR04121,10,2
MAR04123,5,1
MAR04128,1,0
MAR04130,2,0
MAR04132,2,0
MAR04134,9,0
MAR04136,10,0
MAR04138,1,0
MAR04139,10,5
MAR04142,1,0
MAR04146,10,0
MAR04148,4,0
MAR04150,2,0
MAR04151,2,0
MAR04153,7,0
MAR04164,10,0
MAR04173,5,0
MAR04178,3,0
MAR04179,2,0
MAR04181,7,0
MAR04184,2,0
MAR04185,2,0
MAR04186,2,0
MAR04191,3,0
MAR04193,5,0
MAR04195,3,0
MAR04198,10,3
MAR04199,3,1
MAR04200,6,0
MAR04201,10,0
MAR04202,10,0
MAR04203,6,0
MAR04210,5,0
MAR04211,1,0
MAR04213,7,2
MAR04214,10,0
MAR04215,3,0
MAR04216,2,0
MAR04217,4,2
MAR04220,10,0
MAR04221,3,0
MAR04223,4,0
MAR04228,4,0
MAR04230,10,0
MAR04231,3,0
MAR04232,2,0
MAR04234,7,0
MAR04246,1,0
MAR04249,10,0
MAR04250,1,0
MAR04251,5,0
MAR04259,1,0
MAR04262,1,0
MAR04271,2,2
MAR04280,3,2
MAR04281,9,3
MAR04282,8,8
MAR04291,3,0
MAR04294,1,0
MAR04295,5,0
MAR04296,3,0
MAR04297,1,0
MAR04298,1,0
MAR04299,1,0
MAR04309,2,0
MAR04311,2,0
MAR04312,7,0
MAR04315,9,0
MAR04321,10,0
MAR04323,3,1
MAR04328,9,0
MAR04329,9,0
MAR04330,9,8
MAR04332,2,0
MAR04335,2,1
MAR04336,7,0
MAR04337,1,0
MAR04338,10,0
MAR04339,1,0
MAR04342,9,0
MAR04344,8,6
MAR04345,6,5
MAR04346,10,8
MAR04347,10,8
MAR04348,7,1
MAR04355,10,0
MAR04367,3,1
MAR04377,10,0
MAR04382,1,0
MAR04385,1,0
MAR04386,3,0
MAR04389,1,0
MAR04390,3,0
MAR04392,10,0
MAR04393,8,6
MAR04401,2,0
MAR04402,2,0
MAR04404,5,0
MAR04409,9,0
MAR04414,3,0
MAR04420,3,0
MAR04424,2,0
MAR04427,3,1
MAR04429,1,0
MAR04430,3,0
MAR04432,3,0
MAR04437,1,0
MAR04438,8,5
MAR04439,7,2
MAR04442,10,1
MAR04444,10,0
MAR04450,1,0
MAR04451,2,0
MAR04457,3,0
MAR04458,5,2
MAR04460,7,0
MAR04465,7,0
MAR04467,10,0
MAR04468,10,0
MAR04469,9,0
MAR04470,1,0
MAR04476,1,0
MAR04479,2,0
MAR04501,4,0
MAR04503,10,0
MAR04504,5,1
MAR04512,10,0
MAR04521,2,0
MAR04522,5,1
MAR04523,7,0
MAR04526,1,0
MAR04527,3,0
MAR04531,3,0
MAR04532,3,0
MAR04535,2,0
MAR04536,2,0
MAR04539,1,0
MAR04540,1,0
MAR04541,1,0
MAR04542,1,0
MAR04543,6,0
MAR04544,1,0
MAR04548,10,0
MAR04552,3,0
MAR04553,1,0
MAR04558,8,0
MAR04559,10,0
MAR04560,7,0
MAR04561,10,0
MAR04565,7,0
MAR04566,5,0
MAR04570,3,0
MAR04571,4,0
MAR04572,3,0
MAR04574,2,0
MAR04575,2,2
MAR04578,5,0
MAR04589,3,1
MAR04590,10,0
MAR04591,2,0
MAR04592,1,0
MAR04593,8,0
MAR04595,3,0
MAR04596,1,0
MAR04597,3,0
MAR04598,4,0
MAR04599,5,0
MAR04604,4,0
MAR04607,3,0
MAR04610,5,2
MAR04613,4,0
MAR04616,5,0
MAR04620,4,0
MAR04623,6,0
MAR04624,7,1
MAR04627,7,0
MAR04634,4,0
MAR04635,3,0
MAR04638,4,0
MAR04639,4,0
MAR04645,6,0
MAR04654,2,0
MAR04656,1,1
MAR04658,10,3
MAR04661,6,0
MAR04663,2,0
MAR04665,3,0
MAR04666,3,0
MAR04667,2,0
MAR04670,2,0
MAR04671,3,2
MAR04674,6,0
MAR04675,3,0
MAR04677,9,6
MAR04678,1,0
MAR04681,8,0
MAR04682,8,0
MAR04689,3,0
MAR04692,8,1
MAR04693,7,1
MAR04695,2,0
MAR04696,6,0
MAR04697,4,0
MAR04698,5,0
MAR04699,10,0
MAR04700,7,0
MAR04701,5,0
MAR04702,10,0
MAR04703,10,0
MAR04704,10,0
MAR04706,1,0
MAR04707,3,0
MAR04709,1,0
MAR04711,7,5
MAR04716,3,0
MAR04717,3,0
MAR04718,3,0
MAR04722,2,0
MAR04723,3,0
MAR04726,8,0
MAR04728,6,0
MAR04730,3,0
MAR04735,10,0
MAR04736,10,1
MAR04737,5,0
MAR04738,6,0
MAR04739,7,0
MAR04740,8,0
MAR04741,5,2
MAR04744,2,0
MAR04754,1,0
MAR04759,4,0
MAR04760,9,0
MAR04766,10,1
MAR04769,2,0
MAR04779,1,0
MAR04781,1,0
MAR04782,10,0
MAR04783,5,0
MAR04784,3,0
MAR04785,5,4
MAR04786,10,0
MAR04787,10,0
MAR04788,10,4
MAR04790,5,1
MAR04791,10,1
MAR04792,4,2
MAR04797,10,0
MAR04807,6,0
MAR04809,1,0
MAR04813,6,0
MAR04814,3,0
MAR04815,8,2
MAR04819,10,1
MAR04820,7,1
MAR04821,9,1
MAR04822,5,0
MAR04823,4,0
MAR04824,5,1
MAR04825,4,0
MAR04826,5,0
MAR04828,9,2
MAR04829,4,0
MAR04830,4,0
MAR04831,5,0
MAR04838,7,0
MAR04839,2,0
MAR04840,1,0
MAR04844,7,0
MAR04846,10,1
MAR04849,8,1
MAR04853,5,0
MAR04855,1,1
MAR04856,7,2
MAR04858,10,0
MAR04859,8,0
MAR04866,2,0
MAR04869,2,0
MAR04874,10,9
MAR04875,6,1
MAR04878,4,0
MAR04879,4,0
MAR04880,7,0
MAR04884,7,1
MAR04886,10,5
MAR04887,10,0
MAR04889,8,7
MAR04890,9,6
MAR04891,3,0
MAR04892,3,0
MAR04893,7,4
MAR04895,8,5
MAR04896,10,2
MAR04897,5,0
MAR04900,5,5
MAR04901,6,0
MAR04904,8,2
MAR04906,10,0
MAR04907,3,0
MAR04908,10,0
MAR04910,2,0
MAR04912,1,0
MAR04913,10,0
MAR04916,6,0
MAR04917,6,0
MAR04918,8,4
MAR04920,6,0
MAR04922,10,7
MAR04923,10,2
MAR04924,9,1
MAR04926,2,0
MAR04927,10,0
MAR04928,2,0
MAR04929,10,0
MAR04930,5,3
MAR04935,2,0
MAR04936,9,0
MAR04941,8,1
MAR04942,1,0
MAR04943,5,0
MAR04945,5,0
MAR04949,10,0
MAR04951,10,0
MAR04953,9,8
MAR04954,8,0
MAR04959,5,0
MAR04960,2,0
MAR04961,2,0
MAR04962,7,0
MAR04963,1,0
MAR04964,5,3
MAR04968,7,1
MAR04970,10,0
MAR04971,8,1
MAR04972,8,2
MAR04973,10,0
MAR04974,7,0
MAR04976,2,0
MAR04978,9,0
MAR04979,1,0
MAR04981,10,0
MAR04982,5,1
MAR04984,9,0
MAR04986,3,0
MAR04987,10,0
MAR04988,9,0
MAR04990,3,1
MAR04991,10,0
MAR04993,10,0
MAR04994,7,6
MAR04995,1,0
MAR04998,3,0
MAR04999,7,0
MAR05000,10,0
MAR05001,9,0
MAR05002,1,0
MAR05004,10,3
MAR05005,10,0
MAR05006,4,1
MAR05011,6,0
MAR05013,7,0
MAR05017,10,0
MAR05018,2,0
MAR05025,5,1
MAR05026,5,1
MAR05029,10,0
MAR05030,5,0
MAR05031,3,0
MAR05032,4,0
MAR05034,2,2
MAR05036,2,0
MAR05042,3,0
MAR05044,3,0
MAR05045,9,4
MAR05047,3,0
MAR05068,7,2
MAR05069,7,0
MAR05070,8,0
MAR05073,2,0
MAR05076,1,0
MAR05078,5,0
MAR05079,1,0
MAR05081,10,0
MAR05083,9,0
MAR05086,10,0
MAR05090,9,0
MAR05093,10,0
MAR05095,4,0
MAR05096,3,0
MAR05097,5,1
MAR05098,3,0
MAR05100,5,1
MAR05103,2,0
MAR05105,3,3
MAR05107,1,1
MAR05109,1,0
MAR05111,3,0
MAR05112,1,0
MAR05114,3,2
MAR05116,2,2
MAR05119,5,0
MAR05120,5,0
MAR05122,1,1
MAR05124,3,3
MAR05126,1,0
MAR05127,4,0
MAR05128,5,0
MAR05151,1,0
MAR05153,5,0
MAR05157,1,0
MAR05158,1,0
MAR05159,4,0
MAR05175,10,0
MAR05176,5,0
MAR05177,9,0
MAR05178,10,0
MAR05180,5,2
MAR05181,3,0
MAR05182,7,1
MAR05183,5,0
MAR05188,8,0
MAR05189,5,0
MAR05190,5,0
MAR05192,5,0
MAR05193,10,0
MAR05194,1,0
MAR05196,10,0
MAR05198,1,0
MAR05200,3,0
MAR05202,5,0
MAR05203,2,0
MAR05211,1,0
MAR05213,1,0
MAR05216,1,0
MAR05219,6,0
MAR05225,4,0
MAR05235,10,0
MAR05242,8,0
MAR05249,2,0
MAR05256,10,0
MAR05258,7,0
MAR05293,10,0
MAR05296,7,0
MAR05298,8,0
MAR05300,10,0
MAR05305,10,0
MAR05306,8,0
MAR05307,6,0
MAR05308,10,0
MAR05309,10,0
MAR05311,10,0
MAR05312,8,0
MAR05313,6,0
MAR05315,10,0
MAR05319,10,0
MAR05320,10,0
MAR05321,10,0
MAR05322,10,0
MAR05324,10,0
MAR05326,10,0
MAR05327,5,2
MAR05329,5,0
MAR05331,7,1
MAR05333,10,0
MAR05335,6,0
MAR05341,4,0
MAR05342,3,3
MAR05344,9,4
MAR05345,1,0
MAR05346,8,2
MAR05347,9,4
MAR05348,3,1
MAR05350,5,0
MAR05351,3,0
MAR05353,6,0
MAR05354,8,1
MAR05357,5,0
MAR05359,1,0
MAR05360,8,0
MAR05362,10,4
MAR05364,10,0
MAR05365,1,0
MAR05366,10,0
MAR05367,8,0
MAR05368,10,0
MAR05369,6,0
MAR05370,6,0
MAR05371,5,0
MAR05372,5,0
MAR05373,8,0
MAR05374,10,0
MAR05375,10,0
MAR05376,6,0
MAR05377,5,0
MAR05378,8,0
MAR05379,10,0
MAR05380,8,0
MAR05382,10,0
MAR05383,8,0
MAR05384,5,0
MAR05385,5,0
MAR05386,5,0
MAR05387,3,0
MAR05389,3,0
MAR05391,5,0
MAR05402,10,0
MAR05403,7,0
MAR05404,8,0
MAR05405,10,0
MAR05407,9,3
MAR05408,7,0
MAR05410,7,0
MAR05411,5,2
MAR05412,7,0
MAR05414,8,6
MAR05421,5,2
MAR05424,2,0
MAR05425,4,0
MAR05426,5,1
MAR05427,6,0
MAR05428,5,0
MAR05431,5,2
MAR05435,10,0
MAR05436,10,0
MAR05437,10,0
MAR05438,10,0
MAR05439,10,0
MAR05441,2,0
MAR05448,3,0
MAR05452,4,0
MAR05453,8,0
MAR05456,3,0
MAR05468,9,0
MAR05527,4,1
MAR05550,1,0
MAR05565,7,0
MAR05566,2,0
MAR05575,4,0
MAR05680,1,0
MAR05723,1,0
MAR05778,1,0
MAR05779,1,0
MAR05815,1,0
MAR05988,1,0
MAR05989,10,0
MAR05991,4,0
MAR05994,10,0
MAR05997,10,0
MAR05999,1,0
MAR06000,3,0
MAR06001,3,0
MAR06003,5,0
MAR06004,2,1
MAR06006,3,0
MAR06007,3,0
MAR06008,4,1
MAR06009,2,0
MAR06010,4,0
MAR06011,1,0
MAR06013,3,0
MAR06014,4,0
MAR06015,3,0
MAR06016,3,0
MAR06017,2,0
MAR06018,3,0
MAR06019,4,0
MAR06021,2,0
MAR06022,4,0
MAR06023,1,0
MAR06024,3,0
MAR06025,3,0
MAR06026,4,0
MAR06027,3,0
MAR06029,3,0
MAR06030,2,0
MAR06031,2,0
MAR06032,2,0
MAR06033,2,0
MAR06034,2,0
MAR06036,4,0
MAR06037,2,0
MAR06038,5,0
MAR06041,3,0
MAR06042,4,0
MAR06043,1,0
MAR06045,5,0
MAR06046,4,0
MAR06047,2,0
MAR06048,3,0
MAR06049,2,0
MAR06050,2,0
MAR06053,5,0
MAR06054,3,0
MAR06055,9,0
MAR06056,5,0
MAR06059,2,0
MAR06096,6,0
MAR06098,9,0
MAR06103,6,0
MAR06104,6,0
MAR06105,6,0
MAR06106,6,0
MAR06107,6,0
MAR06123,7,4
MAR06124,7,6
MAR06125,7,2
MAR06126,7,0
MAR06127,7,0
MAR06128,6,0
MAR06129,10,0
MAR06130,6,0
MAR06131,6,0
MAR06132,7,0
MAR06133,7,0
MAR06134,7,0
MAR06135,7,0
MAR06136,7,0
MAR06137,7,0
MAR06138,7,0
MAR06139,7,0
MAR06140,7,0
MAR06141,7,0
MAR06145,7,0
MAR06146,6,0
MAR06147,6,0
MAR06148,6,0
MAR06149,7,0
MAR06150,7,0
MAR06151,6,0
MAR06152,7,0
MAR06153,7,0
MAR06154,6,0
MAR06155,6,0
MAR06156,7,0
MAR06157,6,0
MAR06158,6,0
MAR06159,6,0
MAR06160,6,0
MAR06161,7,0
MAR06162,6,0
MAR06163,6,0
MAR06164,6,0
MAR06165,7,0
MAR06166,6,0
MAR06167,7,0
MAR06168,7,0
MAR06169,6,0
MAR06170,6,0
MAR06171,6,0
MAR06172,7,0
MAR06173,7,1
MAR06174,7,0
MAR06175,6,0
MAR06176,6,0
MAR06177,6,0
MAR06178,7,0
MAR06179,6,0
MAR06180,6,0
MAR06181,6,0
MAR06182,6,0
MAR06183,6,0
MAR06184,6,0
MAR06185,7,0
MAR06186,7,0
MAR06187,6,0
MAR06188,6,0
MAR06189,7,0
MAR06190,6,0
MAR06191,6,0
MAR06192,7,0
MAR06193,7,0
MAR06194,6,0
MAR06195,7,0
MAR06196,6,0
MAR06197,7,0
MAR06198,6,0
MAR06199,6,0
MAR06200,6,0
MAR06201,6,0
MAR06202,6,0
MAR06203,6,0
MAR06204,6,0
MAR06205,6,0
MAR06206,6,0
MAR06207,6,0
MAR06208,6,0
MAR06209,6,0
MAR06210,6,0
MAR06211,7,0
MAR06212,7,0
MAR06213,7,0
MAR06218,10,8
MAR06223,3,0
MAR06241,7,0
MAR06243,7,0
MAR06245,7,0
MAR06246,7,0
MAR06247,7,0
MAR06248,6,0
MAR06249,6,0
MAR06251,6,0
MAR06253,1,0
MAR06254,1,0
MAR06255,1,0
MAR06256,2,0
MAR06257,6,0
MAR06259,1,0
MAR06260,3,0
MAR06261,1,0
MAR06262,1,0
MAR06269,2,0
MAR06276,2,1
MAR06277,6,2
MAR06278,3,1
MAR06280,10,2
MAR06281,4,0
MAR06282,10,0
MAR06284,5,3
MAR06285,7,0
MAR06286,2,0
MAR06288,2,0
MAR06291,1,0
MAR06293,1,1
MAR06295,2,2
MAR06297,6,2
MAR06298,8,2
MAR06319,3,0
MAR06320,9,0
MAR06322,10,0
MAR06327,1,1
MAR06332,1,1
MAR06333,1,1
MAR06344,5,4
MAR06345,5,1
MAR06347,6,0
MAR06348,5,0
MAR06349,2,0
MAR06350,6,0
MAR06367,3,0
MAR06368,4,0
MAR06370,6,0
MAR06375,10,0
MAR06376,5,0
MAR06377,7,0
MAR06378,7,0
MAR06386,3,2
MAR06387,8,3
MAR06388,9,2
MAR06390,7,0
MAR06394,8,0
MAR06395,2,0
MAR06396,3,0
MAR06397,5,0
MAR06404,2,1
MAR06407,7,0
MAR06415,2,0
MAR06417,3,0
MAR06418,7,0
MAR06419,3,0
MAR06420,3,0
MAR06421,8,0
MAR06422,8,0
MAR06437,7,0
MAR06449,9,0
MAR06452,9,0
MAR06456,8,0
MAR06457,3,0
MAR06459,8,0
MAR06460,8,0
MAR06474,4,0
MAR06483,10,0
MAR06485,5,0
MAR06487,8,1
MAR06489,8,1
MAR06490,10,0
MAR06491,5,0
MAR06493,5,0
MAR06499,7,1
MAR06500,8,6
MAR06502,7,1
MAR06503,4,1
MAR06513,9,9
MAR06514,4,0
MAR06515,5,0
MAR06516,5,0
MAR06517,2,0
MAR06518,5,0
MAR06520,2,0
MAR06528,5,0
MAR06537,10,0
MAR06586,9,2
MAR06593,5,0
MAR06598,4,0
MAR06599,4,0
MAR06600,4,0
MAR06602,10,0
MAR06604,7,0
MAR06605,9,0
MAR06606,9,0
MAR06607,1,0
MAR06608,1,0
MAR06614,3,0
MAR06616,3,0
MAR06627,7,1
MAR06631,10,0
MAR06633,10,0
MAR06636,10,1
MAR06645,1,0
MAR06646,10,0
MAR06659,10,0
MAR06660,8,0
MAR06661,9,0
MAR06662,9,4
MAR06672,7,0
MAR06674,10,3
MAR06676,10,1
MAR06679,10,0
MAR06680,10,0
MAR06688,5,0
MAR06707,2,0
MAR06713,10,0
MAR06714,10,0
MAR06716,8,0
MAR06717,8,0
MAR06718,8,0
MAR06719,8,0
MAR06720,10,0
MAR06721,10,0
MAR06724,5,0
MAR06726,7,0
MAR06732,7,0
MAR06734,4,0
MAR06736,1,0
MAR06738,1,0
MAR06742,10,0
MAR06745,8,0
MAR06747,5,0
MAR06748,1,0
MAR06750,1,0
MAR06751,8,0
MAR06752,9,0
MAR06755,1,0
MAR06756,10,0
MAR06758,8,0
MAR06763,1,0
MAR06764,5,0
MAR06766,1,0
MAR06768,10,1
MAR06769,6,0
MAR06772,7,1
MAR06774,9,0
MAR06776,4,0
MAR06778,4,0
MAR06780,10,3
MAR06781,8,3
MAR06782,2,1
MAR06789,3,0
MAR06797,10,0
MAR06807,8,0
MAR06817,1,0
MAR06825,7,0
MAR06826,3,0
MAR06834,3,0
MAR06841,10,0
MAR06849,10,0
MAR06854,9,0
MAR06861,3,0
MAR06870,1,0
MAR06876,5,0
MAR06877,5,0
MAR06883,8,0
MAR06892,1,0
MAR06898,5,0
MAR06899,9,0
MAR06915,3,0
MAR06917,3,0
MAR06938,2,0
MAR06940,9,6
MAR06970,6,0
MAR06974,4,2
MAR06979,3,0
MAR06980,3,0
MAR06981,3,0
MAR06982,3,0
MAR06986,9,1
MAR06987,8,0
MAR06990,10,0
MAR06992,10,0
MAR06993,10,0
MAR06994,10,0
MAR06995,10,0
MAR06996,10,0
MAR06997,10,0
MAR06998,10,0
MAR06999,10,0
MAR07000,10,0
MAR07001,10,0
MAR07002,10,0
MAR07003,10,0
MAR07004,10,0
MAR07005,10,0
MAR07006,10,0
MAR07007,10,0
MAR07008,10,0
MAR07009,10,0
MAR07010,10,0
MAR07013,10,0
MAR07014,7,0
MAR07017,10,0
MAR07018,10,0
MAR07019,10,0
MAR07020,10,0
MAR07021,10,0
MAR07022,10,0
MAR07023,10,0
MAR07024,10,0
MAR07025,7,0
MAR07026,7,0
MAR07027,2,0
MAR07028,2,0
MAR07029,10,0
MAR07030,10,0
MAR07031,10,0
MAR07032,7,0
MAR07033,10,0
MAR07034,10,0
MAR07036,10,0
MAR07037,6,0
MAR07038,10,0
MAR07039,10,0
MAR07040,10,0
MAR07041,10,0
MAR07042,10,0
MAR07043,10,0
MAR07044,10,0
MAR07045,7,0
MAR07046,10,0
MAR07047,8,0
MAR07048,10,0
MAR07049,10,0
MAR07050,10,0
MAR07052,10,0
MAR07053,10,0
MAR07054,10,0
MAR07055,10,0
MAR07056,10,0
MAR07057,10,0
MAR07058,10,0
MAR07059,10,0
MAR07060,5,0
MAR07061,5,0
MAR07062,10,0
MAR07064,5,0
MAR07065,10,0
MAR07066,10,0
MAR07067,10,0
MAR07068,5,0
MAR07069,4,0
MAR07070,2,0
MAR07071,5,0
MAR07072,5,0
MAR07075,5,0
MAR07076,5,0
MAR07077,5,0
MAR07078,10,0
MAR07079,10,0
MAR07080,10,0
MAR07081,10,0
MAR07082,10,0
MAR07083,10,0
MAR07084,10,0
MAR07085,10,0
MAR07086,10,0
MAR07087,10,0
MAR07088,10,0
MAR07089,10,0
MAR07090,10,0
MAR07099,10,0
MAR07100,10,0
MAR07103,10,0
MAR07104,10,0
MAR07106,10,0
MAR07108,10,0
MAR07109,10,0
MAR07110,10,0
MAR07111,10,0
MAR07112,10,0
MAR07113,10,0
MAR07114,10,0
MAR07115,10,0
MAR07116,10,0
MAR07117,10,0
MAR07118,10,0
MAR07119,10,0
MAR07120,10,0
MAR07121,10,0
MAR07122,10,0
MAR07123,10,0
MAR07124,10,0
MAR07125,10,0
MAR07126,10,0
MAR07127,10,0
MAR07137,5,0
MAR07149,2,0
MAR07155,10,0
MAR07158,1,0
MAR07178,10,0
MAR07190,10,0
MAR07193,1,0
MAR07196,7,0
MAR07199,5,0
MAR07253,7,0
MAR07257,2,0
MAR07264,3,0
MAR07265,3,0
MAR07266,3,0
MAR07267,3,0
MAR07268,3,0
MAR07269,3,0
MAR07270,3,0
MAR07271,2,0
MAR07272,2,0
MAR07273,3,0
MAR07274,2,0
MAR07275,2,0
MAR07276,2,0
MAR07277,2,0
MAR07279,2,0
MAR07280,2,0
MAR07281,2,0
MAR07284,3,0
MAR07285,2,0
MAR07286,2,0
MAR07323,2,0
MAR07324,2,0
MAR07325,2,0
MAR07374,3,0
MAR07375,3,0
MAR07376,3,0
MAR07377,3,0
MAR07378,3,0
MAR07379,3,0
MAR07380,3,0
MAR07381,3,0
MAR07382,3,0
MAR07383,3,0
MAR07384,3,0
MAR07385,3,0
MAR07386,3,0
MAR07387,3,0
MAR07388,3,0
MAR07389,3,0
MAR07390,3,0
MAR07391,3,0
MAR07392,3,0
MAR07393,3,0
MAR07394,3,0
MAR07395,3,0
MAR07396,3,0
MAR07397,3,0
MAR07398,3,0
MAR07399,3,0
MAR07400,3,0
MAR07401,3,0
MAR07402,3,0
MAR07403,3,0
MAR07404,3,0
MAR07405,3,0
MAR07406,3,0
MAR07407,3,0
MAR07408,3,0
MAR07409,3,0
MAR07410,3,0
MAR07411,3,0
MAR07412,3,0
MAR07413,3,0
MAR07414,3,0
MAR07415,3,0
MAR07416,3,0
MAR07417,3,0
MAR07418,3,0
MAR07419,3,0
MAR07420,3,0
MAR07421,3,0
MAR07422,3,0
MAR07423,3,0
MAR07424,3,0
MAR07425,3,0
MAR07428,3,0
MAR07430,3,0
MAR07431,5,0
MAR07432,2,0
MAR07433,3,0
MAR07434,3,0
MAR07436,3,0
MAR07454,3,0
MAR07455,3,0
MAR07456,3,0
MAR07457,3,0
MAR07458,3,0
MAR07459,3,0
MAR07460,3,0
MAR07461,3,0
MAR07462,3,0
MAR07463,3,0
MAR07464,3,0
MAR07465,3,0
MAR07466,3,0
MAR07483,1,0
MAR07500,3,0
MAR07501,3,0
MAR07503,3,0
MAR07505,3,0
MAR07506,3,0
MAR07507,3,0
MAR07524,3,0
MAR07525,3,0
MAR07527,3,0
MAR07529,3,0
MAR07531,3,0
MAR07540,3,0
MAR07541,3,0
MAR07543,3,0
MAR07545,3,0
MAR07546,3,0
MAR07548,3,0
MAR07556,3,0
MAR07557,3,0
MAR07559,3,0
MAR07562,3,0
MAR07563,3,0
MAR07567,3,0
MAR07570,3,0
MAR07571,3,0
MAR07572,3,0
MAR07573,1,0
MAR07580,1,0
MAR07590,3,0
MAR07591,5,0
MAR07594,3,0
MAR07596,3,0
MAR07597,3,0
MAR07598,3,0
MAR07600,3,0
MAR07602,2,0
MAR07603,2,0
MAR07608,2,0
MAR07609,1,0
MAR07610,3,0
MAR07615,2,0
MAR07648,9,0
MAR07649,9,0
MAR07651,9,0
MAR07658,3,0
MAR07663,3,0
MAR07676,6,0
MAR07680,1,0
MAR07682,1,0
MAR07690,10,0
MAR07693,2,0
MAR07702,10,7
MAR07703,7,2
MAR07705,7,2
MAR07706,7,2
MAR07707,6,3
MAR07708,10,7
MAR07709,8,2
MAR07735,2,0
MAR07743,1,0
MAR07751,7,1
MAR07755,1,0
MAR07757,4,0
MAR07762,9,0
MAR07763,6,2
MAR07764,7,4
MAR07766,9,0
MAR07768,9,0
MAR07769,1,0
MAR07770,3,0
MAR07773,1,0
MAR07777,4,1
MAR07779,4,1
MAR07789,10,5
MAR07791,10,5
MAR07793,9,0
MAR07794,7,4
MAR07795,3,0
MAR07797,8,1
MAR07798,1,0
MAR07804,6,1
MAR07805,1,0
MAR07806,6,0
MAR07810,7,0
MAR07812,4,0
MAR07814,4,0
MAR07818,4,1
MAR07819,10,9
MAR07822,5,0
MAR07830,1,0
MAR07855,7,0
MAR07856,9,0
MAR07863,7,0
MAR07864,8,0
MAR07865,8,0
MAR07866,7,0
MAR07867,8,0
MAR07868,7,0
MAR07869,8,0
MAR07870,7,0
MAR07871,4,0
MAR07872,10,0
MAR07873,6,0
MAR07874,9,0
MAR07876,9,0
MAR07877,5,0
MAR07878,3,0
MAR07883,3,0
MAR07895,3,0
MAR07896,4,0
MAR07897,3,0
MAR07903,2,0
MAR07920,2,0
MAR07921,2,0
MAR07922,2,0
MAR07944,2,0
MAR07946,10,0
MAR07951,4,0
MAR07952,1,0
MAR07953,3,0
MAR07954,3,0
MAR07955,10,0
MAR07956,8,0
MAR07962,3,0
MAR07963,3,0
MAR07964,3,0
MAR07968,10,0
MAR07969,10,5
MAR07970,3,0
MAR07974,7,0
MAR07975,3,0
MAR07976,7,0
MAR07977,4,0
MAR07978,7,0
MAR07979,2,0
MAR07988,1,0
MAR07991,1,0
MAR07992,4,3
MAR07993,10,3
MAR07994,7,0
MAR07995,7,0
MAR07996,7,0
MAR07997,6,0
MAR07998,6,0
MAR08011,2,1
MAR08014,2,1
MAR08015,1,0
MAR08020,10,0
MAR08021,10,0
MAR08023,7,2
MAR08024,1,0
MAR08034,10,0
MAR08035,2,0
MAR08036,9,1
MAR08037,7,1
MAR08038,7,2
MAR08039,8,0
MAR08040,8,0
MAR08041,4,0
MAR08042,4,0
MAR08043,4,0
MAR08044,3,0
MAR08045,2,0
MAR08046,2,0
MAR08048,10,0
MAR08049,10,0
MAR08050,4,0
MAR08051,7,0
MAR08052,7,0
MAR08053,3,0
MAR08054,10,0
MAR08055,10,0
MAR08056,2,0
MAR08066,10,2
MAR08067,10,2
MAR08068,10,2
MAR08069,10,2
MAR08070,3,2
MAR08071,1,0
MAR08072,1,0
MAR08073,1,0
MAR08075,2,0
MAR08076,3,0
MAR08077,3,0
MAR08079,1,0
MAR08080,7,0
MAR08081,1,0
MAR08088,7,0
MAR08089,7,0
MAR08091,10,0
MAR08092,10,0
MAR08093,3,0
MAR08096,7,4
MAR08097,7,4
MAR08098,10,0
MAR08099,7,0
MAR08102,10,0
MAR08104,9,0
MAR08129,2,0
MAR08135,2,0
MAR08137,2,1
MAR08139,2,0
MAR08141,2,1
MAR08143,3,0
MAR08144,10,1
MAR08202,7,0
MAR08203,3,0
MAR08218,7,0
MAR08219,2,0
MAR08229,1,0
MAR08230,1,0
MAR08234,4,0
MAR08238,1,0
MAR08240,9,0
MAR08241,2,0
MAR08259,2,0
MAR08299,1,0
MAR08300,1,0
MAR08340,4,0
MAR08341,4,0
MAR08344,7,0
MAR08345,10,0
MAR08346,4,0
MAR08347,3,0
MAR08348,4,0
MAR08349,10,0
MAR08350,10,0
MAR08351,4,0
MAR08352,7,0
MAR08353,10,0
MAR08356,10,2
MAR08357,10,2
MAR08358,10,0
MAR08359,1,0
MAR08360,7,0
MAR08364,10,0
MAR08366,1,0
MAR08368,1,0
MAR08370,10,0
MAR08373,5,0
MAR08377,3,0
MAR08386,8,0
MAR08410,6,3
MAR08411,6,3
MAR08412,7,2
MAR08413,7,2
MAR08414,7,6
MAR08415,7,6
MAR08417,1,0
MAR08418,8,0
MAR08420,1,0
MAR08421,3,0
MAR08422,7,0
MAR08425,3,2
MAR08432,1,0
MAR08433,2,1
MAR08434,2,1
MAR08440,3,0
MAR08441,3,0
MAR08448,7,0
MAR08449,4,0
MAR08450,8,0
MAR08451,8,0
MAR08452,9,2
MAR08453,9,0
MAR08454,10,0
MAR08455,7,0
MAR08457,10,0
MAR08458,10,0
MAR08459,10,0
MAR08460,10,0
MAR08462,10,0
MAR08463,8,0
MAR08464,9,0
MAR08465,6,0
MAR08466,5,0
MAR08467,8,0
MAR08468,7,0
MAR08469,10,0
MAR08470,5,0
MAR08471,8,1
MAR08472,8,0
MAR08474,9,0
MAR08476,1,0
MAR08485,3,0
MAR08486,2,0
MAR08487,1,0
MAR08497,2,0
MAR08498,10,0
MAR08499,10,0
MAR08500,2,0
MAR08501,7,0
MAR08502,10,0
MAR08503,10,0
MAR08504,10,0
MAR08505,10,0
MAR08506,10,0
MAR08507,10,0
MAR08508,10,0
MAR08509,7,0
MAR08510,1,0
MAR08511,1,0
MAR08512,8,0
MAR08514,2,1
MAR08520,1,0
MAR08529,2,0
MAR08530,10,0
MAR08531,6,0
MAR08539,10,0
MAR08545,1,0
MAR08546,10,0
MAR08547,10,0
MAR08549,8,0
MAR08551,9,0
MAR08552,8,0
MAR08554,1,0
MAR08555,1,0
MAR08556,6,0
MAR08560,6,0
MAR08562,10,0
MAR08563,10,0
MAR08586,4,0
MAR08593,6,0
MAR08594,9,0
MAR08595,9,0
MAR08596,9,0
MAR08597,2,0
MAR08598,9,0
MAR08599,3,0
MAR08600,9,0
MAR08601,9,0
MAR08602,2,0
MAR08603,10,0
MAR08604,10,0
MAR08605,10,0
MAR08610,3,0
MAR08611,1,0
MAR08618,1,0
MAR08620,2,0
MAR08631,6,0
MAR08632,9,0
MAR08635,6,0
MAR08643,10,0
MAR08644,3,1
MAR08645,9,0
MAR08646,6,0
MAR08653,6,0
MAR08654,10,1
MAR08657,3,0
MAR08659,9,0
MAR08660,10,0
MAR08661,3,0
MAR08662,6,1
MAR08663,8,1
MAR08664,3,1
MAR08666,3,1
MAR08667,5,0
MAR08668,5,0
MAR08678,10,0
MAR08682,7,0
MAR08691,2,0
MAR08698,9,0
MAR08699,7,0
MAR08700,10,0
MAR08701,9,0
MAR08705,3,0
MAR08709,10,0
MAR08710,1,0
MAR08711,8,0
MAR08713,6,0
MAR08714,2,0
MAR08715,6,0
MAR08717,3,0
MAR08718,5,0
MAR08719,1,0
MAR08720,9,1
MAR08721,3,0
MAR08731,1,0
MAR08740,5,0
MAR08752,10,0
MAR08753,10,0
MAR08756,7,0
MAR08757,10,0
MAR08758,7,0
MAR08760,10,0
MAR08761,10,0
MAR08762,10,0
MAR08765,10,0
MAR08770,2,0
MAR08771,4,0
MAR08772,10,2
MAR08773,10,2
MAR08775,10,2
MAR08776,10,3
MAR08777,10,3
MAR08778,10,3
MAR08779,7,4
MAR08782,7,0
MAR08783,5,0
MAR08784,5,0
MAR08789,1,0
MAR08794,4,0
MAR08796,4,0
MAR08798,4,0
MAR08834,3,0
MAR08846,1,0
MAR08847,10,0
MAR08852,5,0
MAR08854,2,0
MAR08855,9,0
MAR08859,5,1
MAR08863,6,1
MAR08864,5,1
MAR08865,5,2
MAR08866,6,0
MAR08869,10,0
MAR08870,5,0
MAR08875,3,0
MAR08876,1,0
MAR08878,3,0
MAR08879,9,0
MAR08886,1,0
MAR08887,3,0
MAR08893,2,1
MAR08901,1,0
MAR08905,8,0
MAR08906,2,0
MAR08907,3,0
MAR08909,3,0
MAR08915,10,0
MAR08920,2,0
MAR08925,1,0
MAR08927,10,0
MAR08931,8,0
MAR08949,2,0
MAR08950,1,0
MAR08952,1,0
MAR08958,8,0
MAR08959,5,0
MAR08960,1,0
MAR08962,2,0
MAR08965,1,0
MAR08966,10,9
MAR08970,10,0
MAR08972,2,0
MAR08976,8,0
MAR08977,2,1
MAR08980,8,4
MAR08981,9,4
MAR08986,1,0
MAR08989,6,0
MAR08993,7,0
MAR08994,7,0
MAR08995,1,0
MAR08998,8,8
MAR08999,2,0
MAR09000,5,0
MAR09001,4,0
MAR09002,6,0
MAR09003,4,0
MAR09004,2,0
MAR09005,3,0
MAR09006,5,0
MAR09007,9,0
MAR09010,2,0
MAR09011,5,0
MAR09012,4,0
MAR09013,4,0
MAR09014,10,0
MAR09021,2,0
MAR09025,4,0
MAR09026,5,0
MAR09027,9,0
MAR09030,4,1
MAR09031,7,1
MAR09033,6,0
MAR09034,8,0
MAR09035,10,1
MAR09036,10,0
MAR09037,10,0
MAR09047,6,0
MAR09048,10,2
MAR09049,10,0
MAR09050,2,0
MAR09053,8,0
MAR09056,3,0
MAR09058,10,0
MAR09059,1,0
MAR09060,7,2
MAR09066,9,2
MAR09071,5,0
MAR09074,10,0
MAR09075,10,0
MAR09078,10,3
MAR09079,6,0
MAR09083,7,0
MAR09084,5,0
MAR09085,6,3
MAR09086,5,2
MAR09088,6,0
MAR09090,3,0
MAR09091,5,1
MAR09092,8,0
MAR09093,8,0
MAR09095,9,0
MAR09096,4,0
MAR09099,10,0
MAR09100,9,0
MAR09101,8,0
MAR09102,5,0
MAR09103,4,1
MAR09104,7,0
MAR09105,1,0
MAR09107,6,0
MAR09110,3,0
MAR09113,3,0
MAR09115,3,0
MAR09116,1,0
MAR09117,3,0
MAR09119,3,0
MAR09120,3,0
MAR09121,3,0
MAR09122,3,0
MAR09125,2,0
MAR09129,9,0
MAR09131,5,1
MAR09132,6,1
MAR09134,2,0
MAR09137,4,0
MAR09138,7,0
MAR09139,6,0
MAR09140,8,0
MAR09144,10,0
MAR09145,1,0
MAR09149,5,0
MAR09150,5,0
MAR09158,5,0
MAR09160,5,0
MAR09161,1,0
MAR09163,5,0
MAR09171,2,0
MAR09172,2,0
MAR09174,2,1
MAR09175,2,1
MAR09179,2,0
MAR09180,3,0
MAR09183,1,0
MAR09186,4,0
MAR09188,7,0
MAR09189,8,1
MAR09192,9,0
MAR09197,5,0
MAR09201,9,2
MAR09203,1,0
MAR09205,1,0
MAR09208,2,0
MAR09209,9,1
MAR09210,8,0
MAR09212,1,0
MAR09213,10,0
MAR09214,7,0
MAR09216,10,0
MAR09217,1,0
MAR09218,10,0
MAR09219,8,0
MAR09221,6,0
MAR09224,3,0
MAR09226,7,0
MAR09228,10,0
MAR09229,8,0
MAR09231,9,0
MAR09233,2,0
MAR09234,3,0
MAR09238,1,0
MAR09239,2,0
MAR09240,2,1
MAR09241,1,0
MAR09243,8,0
MAR09247,4,0
MAR09254,6,0
MAR09258,1,0
MAR09259,8,1
MAR09260,1,0
MAR09262,6,0
MAR09263,8,0
MAR09265,4,0
MAR09266,9,0
MAR09267,9,0
MAR09268,4,0
MAR09270,4,0
MAR09277,9,0
MAR09279,8,0
MAR09280,10,0
MAR09281,9,0
MAR09282,7,0
MAR09283,9,0
MAR09284,2,0
MAR09286,10,1
MAR09287,4,0
MAR09288,1,0
MAR09289,8,0
MAR09293,10,0
MAR09296,6,0
MAR09297,6,0
MAR09301,3,0
MAR09302,7,0
MAR09305,2,0
MAR09306,3,0
MAR09307,1,0
MAR09309,1,0
MAR09310,1,0
MAR09311,10,0
MAR09314,5,0
MAR09317,10,0
MAR09318,9,0
MAR09330,1,0
MAR09333,1,0
MAR09336,3,0
MAR09338,5,0
MAR09341,2,0
MAR09342,2,1
MAR09343,1,0
MAR09346,1,0
MAR09350,2,0
MAR09352,10,0
MAR09355,10,0
MAR09356,8,0
MAR09357,9,0
MAR09359,5,0
MAR09362,5,0
MAR09363,5,0
MAR09365,9,0
MAR09366,8,0
MAR09367,6,0
MAR09368,9,0
MAR09369,9,0
MAR09370,3,0
MAR09372,7,0
MAR09373,4,0
MAR09374,5,0
MAR09375,6,0
MAR09376,4,0
MAR09379,10,0
MAR09380,10,0
MAR09384,1,0
MAR09386,8,0
MAR09387,2,0
MAR09388,9,0
MAR09389,6,2
MAR09390,9,0
MAR09393,8,0
MAR09395,4,0
MAR09396,9,0
MAR09397,7,0
MAR09398,10,0
MAR09400,10,0
MAR09401,1,0
MAR09403,7,0
MAR09405,7,0
MAR09408,2,0
MAR09410,9,0
MAR09411,6,0
MAR09412,6,0
MAR09417,10,0
MAR09418,1,0
MAR09419,10,0
MAR09420,4,0
MAR09421,8,1
MAR09423,8,2
MAR09424,10,0
MAR09425,7,0
MAR09427,7,0
MAR09429,5,0
MAR09431,7,0
MAR09432,2,0
MAR09433,2,0
MAR09435,3,0
MAR09436,7,0
MAR09438,9,0
MAR09441,7,0
MAR09442,1,0
MAR09443,8,1
MAR09444,6,1
MAR09445,6,2
MAR09446,6,0
MAR09449,4,0
MAR09451,1,1
MAR09456,1,0
MAR09459,7,0
MAR09462,8,0
MAR09463,8,1
MAR09488,4,0
MAR09489,4,0
MAR09516,2,0
MAR09517,2,0
MAR09526,5,1
MAR09581,7,0
MAR09582,10,0
MAR09583,7,0
MAR09584,10,0
MAR09603,1,0
MAR09618,7,0
MAR09623,7,1
MAR09624,7,0
MAR09626,5,0
MAR09627,1,0
MAR09628,10,0
MAR09634,3,0
MAR09638,7,0
MAR09639,10,0
MAR09640,5,0
MAR09646,1,0
MAR09649,8,0
MAR09652,1,0
MAR09656,9,0
MAR09660,1,0
MAR09661,1,0
MAR09662,1,0
MAR09669,1,0
MAR09670,1,0
MAR09671,1,0
MAR09675,10,6
MAR09676,4,0
MAR09677,1,0
MAR09678,5,1
MAR09680,7,4
MAR09683,1,0
MAR09685,7,0
MAR09690,10,2
MAR09693,10,0
MAR09694,5,0
MAR09698,1,0
MAR09713,8,0
MAR09715,3,0
MAR09716,2,0
MAR09719,10,5
MAR09721,2,0
MAR09723,4,0
MAR09725,8,0
MAR09726,9,0
MAR09727,2,0
MAR09730,9,0
MAR09737,6,2
MAR09744,8,0
MAR09762,3,0
MAR09768,10,0
MAR09769,10,0
MAR09770,4,0
MAR09771,10,0
MAR09774,10,0
MAR09775,2,0
MAR09779,6,0
MAR09780,1,0
MAR09783,10,0
MAR09786,2,0
MAR09787,10,0
MAR09788,4,0
MAR09789,2,0
MAR09792,10,0
MAR09793,7,0
MAR09803,8,2
MAR09804,10,2
MAR09808,1,0
MAR09809,2,0
MAR09810,8,0
MAR09811,5,0
MAR09812,7,0
MAR09813,7,0
MAR09814,10,0
MAR09815,5,0
MAR09816,10,0
MAR09820,4,0
MAR09821,2,1
MAR09822,8,0
MAR09823,2,0
MAR09825,7,0
MAR09826,7,0
MAR09827,9,0
MAR09829,1,0
MAR09831,9,0
MAR09832,6,0
MAR09833,7,0
MAR09834,2,0
MAR09835,5,0
MAR09836,2,0
MAR09837,9,0
MAR09839,5,1
MAR09840,5,0
MAR09842,4,0
MAR09843,9,0
MAR09844,2,1
MAR09845,7,0
MAR09848,7,0
MAR09849,7,0
MAR09850,3,0
MAR09851,8,2
MAR09852,4,0
MAR09853,7,0
MAR09854,9,0
MAR09856,8,0
MAR09860,2,0
MAR09861,5,0
MAR09862,2,0
MAR09863,4,0
MAR09864,9,0
MAR09865,4,0
MAR09866,4,0
MAR09868,3,1
MAR09873,3,0
MAR09885,7,2
MAR09886,5,1
MAR09890,10,3
MAR09894,5,0
MAR09900,1,0
MAR09901,3,0
MAR09911,3,0
MAR09919,4,0
MAR09920,9,5
MAR09922,10,0
MAR09923,8,0
MAR09925,8,3
MAR09926,6,0
MAR09928,10,2
MAR09929,5,0
MAR09934,10,0
MAR09935,9,0
MAR09936,7,2
MAR09938,3,0
MAR09939,5,1
MAR09942,4,0
MAR09943,4,0
MAR09944,4,0
MAR09945,4,0
MAR09946,4,0
MAR09947,4,0
MAR09952,8,1
MAR09957,9,1
MAR09958,9,2
MAR09959,9,1
MAR09960,6,2
MAR09961,8,3
MAR09964,6,0
MAR09967,6,0
MAR09968,10,2
MAR09972,7,2
MAR09973,10,0
MAR09974,7,0
MAR09975,6,0
MAR09977,2,0
MAR09978,7,0
MAR09979,6,0
MAR09980,6,0
MAR09981,10,1
MAR09982,3,0
MAR09983,9,2
MAR09984,5,0
MAR09985,2,0
MAR09987,10,0
MAR09989,9,1
MAR09990,4,0
MAR09991,9,0
MAR09992,6,0
MAR09993,1,0
MAR09996,7,1
MAR09997,1,0
MAR09998,3,2
MAR10002,9,0
MAR10004,7,0
MAR10007,5,0
MAR10011,10,0
MAR10012,10,0
MAR10013,10,0
MAR10015,6,0
MAR10017,10,0
MAR10019,9,0
MAR10021,5,0
MAR10022,7,0
MAR10026,9,0
MAR10027,9,0
MAR10029,10,0
MAR10030,10,0
MAR10031,10,0
MAR10032,7,2
MAR10033,10,0
MAR10035,8,0
MAR10036,10,0
MAR10037,10,0
MAR10039,3,0
MAR10040,3,0
MAR10041,1,0
MAR10044,2,0
MAR10049,2,0
MAR10050,3,0
MAR10051,1,0
MAR10059,4,0
MAR10060,8,0
MAR10061,3,0
MAR10066,6,0
MAR10069,6,0
MAR10082,10,0
MAR10103,10,0
MAR10110,10,0
MAR10118,10,0
MAR10119,10,0
MAR10120,10,0
MAR10125,10,0
MAR10127,10,0
MAR10134,4,0
MAR10135,5,0
MAR10136,8,0
MAR10137,9,1
MAR10138,10,0
MAR10139,7,0
MAR10140,2,0
MAR10142,8,8
MAR10143,7,5
MAR10145,9,5
MAR10149,8,0
MAR10151,8,0
MAR10152,5,0
MAR10153,10,0
MAR10159,3,1
MAR10160,7,0
MAR10162,8,0
MAR10168,8,0
MAR10169,10,0
MAR10174,9,0
MAR10175,7,1
MAR10178,4,0
MAR10179,9,0
MAR10180,7,0
MAR10181,6,0
MAR10183,6,0
MAR10184,10,2
MAR10186,7,2
MAR10188,6,1
MAR10189,3,0
MAR10190,9,0
MAR10192,8,1
MAR10193,4,2
MAR10194,10,0
MAR10195,9,1
MAR10197,7,1
MAR10198,3,2
MAR10201,8,0
MAR10202,7,0
MAR10206,6,0
MAR10207,4,0
MAR10208,10,0
MAR10209,8,0
MAR10210,5,0
MAR10211,9,0
MAR10212,9,1
MAR10213,2,0
MAR10214,10,8
MAR10215,6,0
MAR10216,6,0
MAR10217,7,0
MAR10218,8,0
MAR10219,5,0
MAR10222,3,1
MAR10223,7,0
MAR10225,8,0
MAR10227,8,0
MAR10229,6,0
MAR10230,10,0
MAR10235,9,0
MAR10241,8,1
MAR10242,10,3
MAR10246,1,0
MAR10247,6,0
MAR10248,3,0
MAR10254,8,2
MAR10255,10,0
MAR10256,7,5
MAR10262,5,0
MAR10264,1,0
MAR10265,3,0
MAR10320,4,0
MAR10321,5,0
MAR10343,3,0
MAR10345,7,5
MAR10346,9,0
MAR10348,7,0
MAR10349,4,0
MAR10350,4,0
MAR10351,4,0
MAR10352,4,0
MAR10353,4,0
MAR10354,4,0
MAR10355,10,3
MAR10356,2,0
MAR10359,9,2
MAR10360,6,3
MAR10361,2,0
MAR10362,5,0
MAR10363,7,1
MAR10365,4,0
MAR10367,5,2
MAR10369,2,0
MAR10370,8,0
MAR10371,3,0
MAR10373,2,0
MAR10376,4,3
MAR10378,6,0
MAR10379,3,0
MAR10383,7,1
MAR10384,10,0
MAR10385,9,0
MAR10387,7,5
MAR10388,5,0
MAR10390,1,0
MAR10391,3,0
MAR10392,9,4
MAR10393,8,0
MAR10395,5,0
MAR10397,4,0
MAR10398,4,0
MAR10399,4,0
MAR10405,3,0
MAR10406,8,0
MAR10417,1,0
MAR10418,1,0
MAR10419,1,0
MAR10420,1,0
MAR10421,1,0
MAR10422,1,0
MAR10426,2,0
MAR10428,3,0
MAR10429,6,0
MAR10430,1,0
MAR10432,10,0
MAR10434,10,0
MAR10435,9,2
MAR10436,6,3
MAR10437,3,0
MAR10438,9,4
MAR10439,8,0
MAR10440,8,2
MAR10442,10,0
MAR10444,1,0
MAR10445,10,0
MAR10446,10,0
MAR10448,2,0
MAR10449,3,0
MAR10450,10,0
MAR10451,1,0
MAR10452,1,0
MAR10455,4,0
MAR10459,2,0
MAR10470,2,0
MAR10473,2,0
MAR10475,9,0
MAR10479,3,0
MAR10480,4,0
MAR10482,1,0
MAR10483,10,0
MAR10485,1,0
MAR10487,2,0
MAR10488,8,0
MAR10490,4,0
MAR10491,2,0
MAR10492,9,0
MAR10494,3,0
MAR10495,5,0
MAR10503,4,0
MAR10511,1,0
MAR10512,1,0
MAR10513,5,0
MAR10520,1,0
MAR10524,1,0
MAR10543,1,0
MAR10553,2,0
MAR10589,1,0
MAR10605,1,0
MAR10610,1,0
MAR10613,1,0
MAR10618,1,0
MAR10619,1,0
MAR10623,1,0
MAR10629,1,0
MAR10641,1,0
MAR10645,1,0
MAR10682,1,0
MAR10693,2,0
MAR10700,3,0
MAR10704,1,0
MAR10707,1,0
MAR10724,1,0
MAR10726,1,0
MAR10734,1,0
MAR10737,2,0
MAR10795,1,0
MAR10968,1,0
MAR10987,1,0
MAR10997,5,0
MAR11177,2,0
MAR11188,1,0
MAR11227,4,0
MAR11228,4,0
MAR11229,4,0
MAR11230,4,0
MAR11231,4,0
MAR11232,4,0
MAR11237,7,2
MAR11238,8,1
MAR11239,8,1
MAR11240,4,0
MAR11241,5,0
MAR11242,5,1
MAR11243,5,0
MAR11244,5,0
MAR11246,10,2
MAR11247,5,0
MAR11248,4,0
MAR11249,4,0
MAR11250,5,5
MAR11252,6,0
MAR11253,2,0
MAR11254,2,0
MAR11255,7,1
MAR11256,10,5
MAR11257,8,7
MAR11258,3,0
MAR11259,8,5
MAR11260,5,0
MAR11262,6,0
MAR11264,9,4
MAR11265,6,0
MAR11266,9,2
MAR11270,6,0
MAR11271,4,0
MAR11272,7,0
MAR11274,9,0
MAR11276,7,3
MAR11280,5,2
MAR11281,3,0
MAR11282,4,0
MAR11283,4,0
MAR11284,4,0
MAR11285,4,0
MAR11286,4,0
MAR11287,4,0
MAR11289,2,0
MAR11296,1,0
MAR11299,7,0
MAR11300,6,0
MAR11301,7,0
MAR11303,4,1
MAR11304,7,0
MAR11307,1,0
MAR11311,3,0
MAR11313,7,0
MAR11315,2,0
MAR11317,9,0
MAR11319,5,0
MAR11320,1,0
MAR11322,9,0
MAR11323,10,0
MAR11325,1,0
MAR11327,1,0
MAR11334,1,0
MAR11337,3,0
MAR11344,1,0
MAR11347,9,0
MAR11348,10,0
MAR11350,10,2
MAR11351,5,0
MAR11354,6,0
MAR11355,2,0
MAR11357,5,1
MAR11359,7,2
MAR11360,1,0
MAR11362,1,0
MAR11363,2,0
MAR11365,5,0
MAR11366,9,0
MAR11367,7,2
MAR11370,8,5
MAR11375,10,0
MAR11376,7,0
MAR11378,10,0
MAR11379,5,0
MAR11381,10,0
MAR11382,9,0
MAR11384,10,0
MAR11385,8,0
MAR11389,10,0
MAR11390,7,0
MAR11393,7,0
MAR11396,5,0
MAR11401,6,0
MAR11402,1,0
MAR11403,1,0
MAR11404,5,1
MAR11405,2,0
MAR11410,7,0
MAR11411,3,0
MAR11412,6,0
MAR11414,1,0
MAR11416,3,0
MAR11419,8,0
MAR11420,9,0
MAR11422,2,0
MAR11423,8,0
MAR11426,3,0
MAR11427,10,6
MAR11428,6,0
MAR11438,9,2
MAR11439,2,0
MAR11440,7,0
MAR11442,4,2
MAR11443,10,2
MAR11445,5,0
MAR11446,6,0
MAR11449,7,0
MAR11451,7,0
MAR11456,5,0
MAR11457,5,0
MAR11458,1,0
MAR11459,1,0
MAR11460,1,0
MAR11467,4,0
MAR11468,4,0
MAR11473,2,0
MAR11474,3,0
MAR11476,9,0
MAR11477,9,0
MAR11478,7,0
MAR11479,8,0
MAR11480,8,0
MAR11481,8,0
MAR11482,1,0
MAR11483,1,0
MAR11485,1,0
MAR11486,10,1
MAR11487,10,1
MAR11488,10,1
MAR11489,10,1
MAR11490,8,1
MAR11491,7,1
MAR11498,1,0
MAR11502,4,2
MAR11503,4,2
MAR11504,2,2
MAR11505,4,2
MAR11506,9,0
MAR11507,8,0
MAR11508,8,0
MAR11509,4,0
MAR11510,4,0
MAR11512,4,0
MAR11520,1,0
MAR11521,1,0
MAR11522,1,0
MAR11523,1,0
MAR11525,3,1
MAR11526,3,1
MAR11527,1,1
MAR11528,4,1
MAR11529,5,1
MAR11530,5,1
MAR11531,5,1
MAR11532,2,1
MAR11533,4,1
MAR11534,5,1
MAR11535,5,1
MAR11536,5,1
MAR11537,3,1
MAR11538,5,1
MAR11539,8,0
MAR11540,8,0
MAR11541,8,0
MAR11542,2,0
MAR11543,8,0
MAR11544,4,0
MAR11545,1,0
MAR11546,1,0
MAR11547,1,0
MAR11551,1,0
MAR11552,1,0
MAR11553,1,0
MAR11554,1,0
MAR11555,5,0
MAR11556,3,0
MAR11557,5,0
MAR11562,4,0
MAR11563,1,0
MAR11564,3,0
MAR11565,2,0
MAR11566,2,0
MAR11567,1,0
MAR11568,2,0
MAR11569,10,0
MAR11570,5,0
MAR11571,4,0
MAR11572,4,0
MAR11574,2,0
MAR11575,2,0
MAR11576,7,0
MAR11577,7,0
MAR11578,8,0
MAR11581,7,0
MAR11582,4,0
MAR11587,4,0
MAR11588,4,0
MAR11589,4,0
MAR11590,4,0
MAR11591,4,0
MAR11592,4,0
MAR11593,4,0
MAR11594,4,0
MAR11595,4,0
MAR11596,4,0
MAR11597,4,0
MAR11598,4,0
MAR11599,4,0
MAR11600,4,0
MAR11601,4,0
MAR11602,4,0
MAR11603,4,0
MAR11604,4,0
MAR11605,4,0
MAR11606,4,0
MAR11607,4,0
MAR11608,4,0
MAR11609,4,0
MAR11610,4,0
MAR11611,4,0
MAR11612,4,0
MAR11627,4,0
MAR11646,8,0
MAR11647,7,0
MAR11653,4,0
MAR11654,4,0
MAR11655,4,0
MAR11656,4,0
MAR11657,4,0
MAR11658,4,0
MAR11659,4,0
MAR11660,4,0
MAR11661,4,0
MAR11662,4,0
MAR11663,4,0
MAR11664,4,0
MAR11665,4,0
MAR11666,4,0
MAR11667,4,0
MAR11668,4,0
MAR11669,4,0
MAR11670,4,0
MAR11671,4,0
MAR11672,4,0
MAR11673,4,0
MAR11674,4,0
MAR11675,4,0
MAR11676,4,0
MAR11677,4,0
MAR11678,4,0
MAR11679,4,0
MAR11749,3,0
MAR11751,3,0
MAR11761,3,0
MAR11779,6,0
MAR11780,2,0
MAR11781,7,6
MAR11787,1,0
MAR11791,3,0
MAR11797,9,0
MAR11798,10,0
MAR11801,6,0
MAR11802,3,0
MAR11803,1,0
MAR11806,7,0
MAR11807,7,3
MAR11809,1,0
MAR11816,5,0
MAR11817,2,0
MAR11818,4,0
MAR11825,7,1
MAR11826,7,1
MAR11827,7,1
MAR11828,2,0
MAR11831,8,0
MAR11832,9,0
MAR11833,10,0
MAR11843,4,0
MAR11844,3,0
MAR11854,1,0
MAR11856,9,0
MAR11872,5,0
MAR11873,2,0
MAR11874,5,0
MAR11882,1,0
MAR11884,1,0
MAR11885,7,0
MAR11900,10,0
MAR11901,2,0
MAR11905,8,0
MAR11906,8,0
MAR11913,10,0
MAR11914,10,0
MAR11917,10,6
MAR11923,4,0
MAR11924,2,0
MAR11925,3,0
MAR11928,2,0
MAR11929,2,0
MAR11930,2,0
MAR11932,1,0
MAR11933,9,3
MAR11934,1,0
MAR11935,7,0
MAR11936,7,0
MAR11937,2,0
MAR11938,2,0
MAR11939,6,0
MAR11940,6,0
MAR11941,7,2
MAR11942,6,2
MAR11943,7,0
MAR11944,7,0
MAR11945,7,0
MAR11948,9,2
MAR11949,9,2
MAR11950,2,0
MAR11951,5,0
MAR11952,10,0
MAR11953,4,0
MAR11957,6,0
MAR11960,6,0
MAR11961,10,0
MAR11962,2,0
MAR11963,8,0
MAR11964,2,0
MAR11975,10,0
MAR11976,10,0
MAR11977,9,0
MAR11986,4,0
MAR11987,4,0
MAR11989,10,0
MAR11990,10,0
MAR11992,3,0
MAR11993,3,0
MAR11995,10,0
MAR11996,10,0
MAR11998,10,0
MAR11999,10,0
MAR12005,4,0
MAR12016,5,0
MAR12031,8,0
MAR12032,8,0
MAR12033,1,0
MAR12034,1,0
MAR12036,10,0
MAR12042,2,0
MAR12043,6,0
MAR12044,3,0
MAR12051,1,0
MAR12058,10,0
MAR12060,5,0
MAR12088,8,0
MAR12090,10,0
MAR12092,2,0
MAR12093,10,0
MAR12094,9,0
MAR12095,8,0
MAR12112,6,2
MAR12113,3,0
MAR12114,3,0
MAR12125,3,0
MAR12126,1,0
MAR12128,7,0
MAR12129,9,0
MAR12130,6,0
MAR12131,7,0
MAR12132,1,0
MAR12136,6,0
MAR12138,1,0
MAR12141,5,0
MAR12143,10,0
MAR12144,10,0
MAR12145,10,0
MAR12146,10,0
MAR12148,10,0
MAR12149,10,0
MAR12151,10,0
MAR12152,10,0
MAR12154,10,0
MAR12155,10,0
MAR12156,10,0
MAR12158,10,0
MAR12159,10,0
MAR12160,10,0
MAR12162,10,0
MAR12163,10,0
MAR12165,10,0
MAR12166,10,0
MAR12171,2,0
MAR12172,10,0
MAR12173,7,0
MAR12178,10,0
MAR12179,10,0
MAR12180,10,0
MAR12181,5,0
MAR12182,9,0
MAR12183,10,0
MAR12185,10,0
MAR12186,10,0
MAR12187,10,0
MAR12188,10,0
MAR12189,10,0
MAR12190,2,0
MAR12191,10,0
MAR12192,10,0
MAR12193,10,0
MAR12194,2,0
MAR12195,2,0
MAR12196,10,0
MAR12197,7,0
MAR12199,7,0
MAR12200,8,0
MAR12201,6,0
MAR12202,7,0
MAR12206,6,0
MAR12208,4,0
MAR12210,3,0
MAR12211,2,0
MAR12212,5,0
MAR12213,5,0
MAR12214,5,0
MAR12215,5,0
MAR12216,6,0
MAR12217,2,0
MAR12218,4,0
MAR12220,4,0
MAR12221,5,0
MAR12224,4,0
MAR12225,4,0
MAR12226,6,0
MAR12227,6,0
MAR12228,6,0
MAR12229,7,0
MAR12230,10,0
MAR12231,6,0
MAR12233,5,0
MAR12234,2,0
MAR12235,10,0
MAR12236,7,0
MAR12237,2,0
MAR12238,10,0
MAR12239,7,0
MAR12240,1,0
MAR12241,10,0
MAR12242,7,0
MAR12243,1,0
MAR12244,10,0
MAR12245,7,0
MAR12246,10,0
MAR12247,10,0
MAR12248,10,0
MAR12249,3,0
MAR12250,10,0
MAR12251,10,0
MAR12252,10,0
MAR12253,2,0
MAR12258,10,0
MAR12259,10,0
MAR12260,10,0
MAR12261,5,0
MAR12263,9,0
MAR12264,10,0
MAR12265,10,0
MAR12267,10,0
MAR12268,10,0
MAR12270,10,0
MAR12271,10,0
MAR12272,10,0
MAR12273,10,0
MAR12274,10,0
MAR12275,4,0
MAR12276,10,0
MAR12277,10,0
MAR12278,10,0
MAR12279,5,0
MAR12280,2,0
MAR12281,10,0
MAR12282,7,0
MAR12283,10,0
MAR12284,2,0
MAR12285,10,0
MAR12286,7,0
MAR12287,2,0
MAR12288,10,0
MAR12289,10,0
MAR12290,7,0
MAR12291,2,0
MAR12292,10,0
MAR12293,8,0
MAR12295,10,0
MAR12296,10,0
MAR12297,1,0
MAR12298,10,0
MAR12299,7,0
MAR12301,10,0
MAR12302,10,0
MAR12303,2,0
MAR12304,10,0
MAR12305,7,0
MAR12306,9,0
MAR12307,10,0
MAR12308,10,0
MAR12310,10,0
MAR12318,10,0
MAR12319,10,0
MAR12320,2,0
MAR12327,1,0
MAR12328,1,0
MAR12332,9,0
MAR12333,10,0
MAR12334,3,0
MAR12335,10,0
MAR12336,10,0
MAR12337,10,1
MAR12338,9,1
MAR12340,1,0
MAR12341,1,0
MAR12342,10,0
MAR12343,8,0
MAR12345,2,0
MAR12346,7,0
MAR12347,10,0
MAR12348,10,0
MAR12349,10,0
MAR12351,4,0
MAR12352,8,0
MAR12353,9,0
MAR12354,8,0
MAR12355,10,0
MAR12359,2,0
MAR12360,10,0
MAR12361,1,0
MAR12362,8,0
MAR12363,10,0
MAR12365,10,0
MAR12366,2,0
MAR12367,10,0
MAR12368,6,0
MAR12369,10,0
MAR12371,7,0
MAR12372,10,0
MAR12374,9,0
MAR12375,10,0
MAR12377,2,0
MAR12378,7,0
MAR12379,10,0
MAR12381,10,0
MAR12382,2,0
MAR12384,5,0
MAR12385,7,0
MAR12386,3,0
MAR12387,10,0
MAR12392,10,0
MAR12393,8,0
MAR12395,2,0
MAR12396,8,0
MAR12397,10,0
MAR12400,6,0
MAR12401,8,0
MAR12402,9,2
MAR12403,10,2
MAR12404,10,1
MAR12405,9,3
MAR12406,10,0
MAR12408,6,0
MAR12409,10,0
MAR12411,5,0
MAR12412,2,0
MAR12413,4,0
MAR12414,10,0
MAR12423,10,0
MAR12424,9,0
MAR12425,10,0
MAR12427,10,0
MAR12429,6,0
MAR12431,7,0
MAR12432,8,0
MAR12433,1,0
MAR12434,10,0
MAR12436,10,0
MAR12437,8,0
MAR12439,10,0
MAR12440,8,0
MAR12441,3,0
MAR12442,2,0
MAR12443,10,0
MAR12444,1,0
MAR12446,7,0
MAR12455,10,0
MAR12456,8,0
MAR12457,10,0
MAR12459,8,0
MAR12460,2,0
MAR12462,3,0
MAR12466,3,0
MAR12469,10,0
MAR12472,10,0
MAR12473,7,0
MAR12474,10,0
MAR12484,1,0
MAR12486,1,0
MAR12497,10,0
MAR12498,1,0
MAR12499,3,0
MAR12501,5,0
MAR12503,3,0
MAR12505,4,0
MAR12506,10,0
MAR12508,5,0
MAR12509,4,0
MAR12510,6,0
MAR12511,8,0
MAR12513,3,0
MAR12515,10,0
MAR12516,2,0
MAR12517,10,0
MAR12518,7,0
MAR12521,1,0
MAR12522,5,0
MAR12524,10,0
MAR12526,10,0
MAR12527,2,0
MAR12528,10,0
MAR12529,3,0
MAR12533,10,0
MAR12535,10,0
MAR12539,10,0
MAR12540,1,0
MAR12543,10,0
MAR12548,3,0
MAR12550,2,0
MAR12551,7,0
MAR12555,10,0
MAR12557,3,0
MAR12558,3,0
MAR12562,10,8
MAR12563,10,8
MAR12564,7,0
MAR12567,2,0
MAR12568,2,0
MAR12569,10,0
MAR12571,8,0
MAR12575,10,0
MAR12578,10,0
MAR12580,1,0
MAR12582,3,0
MAR12583,9,0
MAR12584,9,0
MAR12585,9,1
MAR12586,6,0
MAR12587,1,0
MAR12588,8,0
MAR12589,4,0
MAR12590,8,0
MAR12592,10,0
MAR12593,2,0
MAR12594,9,0
MAR12595,10,0
MAR12596,3,0
MAR12597,7,0
MAR12598,8,0
MAR12599,10,0
MAR12600,6,0
MAR12601,10,0
MAR12602,10,0
MAR12603,5,0
MAR12604,5,0
MAR12606,8,0
MAR12607,1,0
MAR12608,7,2
MAR12609,10,3
MAR12610,9,0
MAR12611,8,0
MAR12613,2,0
MAR12615,9,0
MAR12617,10,0
MAR12618,1,0
MAR12619,2,0
MAR12620,10,0
MAR12621,8,0
MAR12622,9,0
MAR12623,2,0
MAR12624,7,0
MAR12625,1,0
MAR12627,8,0
MAR12629,5,0
MAR12630,10,0
MAR12631,3,0
MAR12633,10,0
MAR12634,8,0
MAR12638,1,0
MAR12643,1,0
MAR12644,4,0
MAR12645,4,0
MAR12646,5,0
MAR12647,5,0
MAR12648,10,0
MAR12649,7,0
MAR12650,3,0
MAR12651,6,0
MAR12653,10,0
MAR12656,8,0
MAR12657,10,0
MAR12660,10,8
MAR12661,7,0
MAR12662,2,0
MAR12663,9,0
MAR12665,10,7
MAR12668,3,0
MAR12669,10,0
MAR12671,10,0
MAR12672,10,0
MAR12673,7,0
MAR12674,9,0
MAR12675,10,0
MAR12676,10,0
MAR12678,10,0
MAR12679,10,0
MAR12681,9,0
MAR12682,10,0
MAR12683,10,0
MAR12684,10,1
MAR12687,8,0
MAR12688,8,0
MAR12689,7,0
MAR12690,8,0
MAR12691,4,0
MAR12692,5,0
MAR12693,9,0
MAR12696,10,0
MAR12697,8,0
MAR12698,2,0
MAR12699,7,0
MAR12700,10,0
MAR12702,9,0
MAR12705,9,0
MAR12706,5,0
MAR12709,10,0
MAR12710,1,0
MAR12712,6,3
MAR12713,7,0
MAR12716,5,0
MAR12724,6,3
MAR12726,4,2
MAR12727,7,6
MAR12728,3,0
MAR12731,10,0
MAR12734,7,0
MAR12736,10,0
MAR12737,4,0
MAR12738,10,0
MAR12739,10,0
MAR12740,7,0
MAR12742,5,0
MAR12743,7,0
MAR12746,7,0
MAR12747,10,0
MAR12748,10,0
MAR12749,7,0
MAR12751,8,0
MAR12752,8,0
MAR12753,10,0
MAR12754,3,0
MAR12755,6,0
MAR12756,10,0
MAR12757,10,0
MAR12761,10,0
MAR12762,10,0
MAR12763,10,0
MAR12764,10,0
MAR12767,10,0
MAR12768,10,0
MAR12769,4,0
MAR12770,10,0
MAR12771,10,0
MAR12772,9,1
MAR12773,5,1
MAR12775,10,0
MAR12777,10,0
MAR12778,10,0
MAR12779,10,0
MAR12780,10,0
MAR12781,10,0
MAR12783,10,0
MAR12785,10,1
MAR12790,10,0
MAR12791,8,0
MAR12792,9,0
MAR12793,2,0
MAR12794,10,0
MAR12795,8,0
MAR12796,1,0
MAR12797,8,0
MAR12798,8,0
MAR12799,4,0
MAR12800,5,0
MAR12801,3,0
MAR12806,7,0
MAR12807,4,0
MAR12808,10,0
MAR12810,10,0
MAR12812,10,0
MAR12813,4,0
MAR12814,2,0
MAR12815,10,0
MAR12816,3,0
MAR12817,10,0
MAR12818,8,0
MAR12819,3,0
MAR12820,8,0
MAR12825,10,0
MAR12826,7,0
MAR12827,3,0
MAR12829,8,0
MAR12830,8,0
MAR12832,8,0
MAR12834,5,0
MAR12835,8,0
MAR12840,5,0
MAR12842,1,0
MAR12843,3,0
MAR12844,8,0
MAR12846,4,0
MAR12847,6,0
MAR12851,10,0
MAR12853,1,0
MAR12858,6,3
MAR12860,7,0
MAR12863,6,0
MAR12864,7,0
MAR12865,7,0
MAR12866,5,0
MAR12868,2,0
MAR12869,10,0
MAR12876,4,0
MAR12878,10,0
MAR12880,1,0
MAR12881,3,0
MAR12882,6,0
MAR12883,7,0
MAR12884,1,0
MAR12885,10,0
MAR12886,7,0
MAR12888,6,0
MAR12889,7,0
MAR12890,10,0
MAR12891,8,0
MAR12892,6,0
MAR12893,10,0
MAR12894,7,0
MAR12895,7,0
MAR12896,10,0
MAR12897,2,0
MAR12898,9,0
MAR12899,10,0
MAR12900,10,0
MAR12901,3,0
MAR12902,10,0
MAR12904,2,0
MAR12905,7,0
MAR12906,9,2
MAR12907,8,3
MAR12908,7,0
MAR12909,7,0
MAR12911,4,0
MAR12914,10,0
MAR12915,6,0
MAR12916,2,0
MAR12917,10,0
MAR12918,8,0
MAR12919,1,0
MAR12920,6,0
MAR12921,7,0
MAR12922,1,0
MAR12925,8,0
MAR12926,10,0
MAR12927,3,0
MAR12928,5,0
MAR12936,10,0
MAR12937,6,0
MAR12939,10,0
MAR12941,10,0
MAR12943,10,0
MAR12944,10,8
MAR12945,7,0
MAR12946,8,0
MAR12948,10,8
MAR12949,10,0
MAR12952,3,0
MAR12953,10,0
MAR12955,10,0
MAR12956,10,0
MAR12957,9,0
MAR12959,10,0
MAR12960,3,0
MAR12961,4,0
MAR12963,4,0
MAR12964,5,0
MAR12965,10,0
MAR12967,10,0
MAR12968,10,1
MAR12970,9,0
MAR12971,1,0
MAR12972,3,0
MAR12973,10,0
MAR12974,2,0
MAR12975,4,0
MAR12976,10,0
MAR12977,10,0
MAR12978,10,0
MAR12979,10,0
MAR12981,8,0
MAR12982,10,0
MAR12984,6,3
MAR12986,7,0
MAR12989,6,0
MAR12991,10,0
MAR12994,10,0
MAR12997,10,1
MAR12999,9,0
MAR13002,10,0
MAR13009,10,0
MAR13010,10,0
MAR13011,2,0
MAR13012,8,0
MAR13013,5,0
MAR13014,9,0
MAR13016,7,0
MAR13017,6,0
MAR13018,10,0
MAR13020,3,0
MAR13021,8,0
MAR13023,8,3
MAR13025,3,0
MAR13026,8,0
MAR13031,8,0
MAR13033,2,0
MAR13034,5,0
MAR13035,2,0
MAR13037,2,0
MAR13038,1,0
MAR13040,9,0
MAR13041,10,0
MAR13042,10,0
MAR13043,10,0
MAR13044,10,0
MAR13045,10,0
MAR13046,10,0
MAR13047,10,0
MAR13048,9,0
MAR13049,10,0
MAR13050,10,0
MAR13051,10,0
MAR13052,10,0
MAR13053,10,0
MAR13054,10,0
MAR13055,10,0
MAR13056,10,0
MAR13057,9,0
MAR13058,10,0
MAR13059,9,0
MAR13060,10,0
MAR13061,10,0
MAR13062,9,0
MAR13063,9,1
MAR13075,3,0
MAR13078,6,2
MAR13084,1,0
MAR13085,1,0
MAR20016,9,0
MAR20044,2,0
MAR20070,6,0
MAR20111,3,2
MAR20112,5,0
MAR20114,10,6
MAR20119,1,0
MAR20120,2,0
MAR20123,1,0
MAR20127,1,0
MAR20167,2,2
MAR20169,3,0
MAR20173,5,0
MAR20175,3,0
MAR20176,8,0
MAR20177,3,1
MAR20178,3,1
MAR20183,3,0
