group,n_detected,median_CV_SE_over_|PR_objective|,q25_CV,q75_CV,n_rare_event_k_le_5,median_jeffreys_width_rare_k_le_5,n_well_characterized_k_ge_50,median_jeffreys_width_well_k_ge_50,M_backgrounds
GSE126848__NASH,218,0.5762946861124976,0.2518927804492434,0.9035725473388405,113,0.0105520235952691,24,0.05975235776863434,800
GSE126848__healthy,351,0.7196155074908075,0.44466084033563835,0.9999998537413111,235,0.0104418540122325,20,0.06478271296645605,800
GSE126848__obese_no_NAFLD,242,0.7065410304949009,0.41942931651929444,0.9999999912994975,160,0.0103519113826866,14,0.07221765917234099,800
GSE126848__steatosis,168,0.4056048937405037,0.27332131083052874,0.7074421305716516,70,0.0106645426873037,13,0.07345194374237218,800
GSE135251__NASH,166,0.451672091603269,0.21395497155870383,0.7351794200288216,79,0.010760158070489401,16,0.052243101815504144,800
GSE135251__healthy,300,0.5840381151784597,0.2879503313003337,0.9999999970022466,181,0.0102632627179926,14,0.061734530338255045,800
GSE135251__steatosis,228,0.5764357649800853,0.2858283634494824,0.9970621561388061,124,0.01034287463320905,13,0.05139098373739791,800
GSE89632__NASH,184,0.6033455364100162,0.317941812828915,0.9999999999970778,101,0.008597102920324999,25,0.05851619116751661,800
GSE89632__healthy,158,0.44681105726721226,0.28654798176100754,0.9203115305891091,74,0.010423841493438151,23,0.059166014148820806,800
GSE89632__steatosis,135,0.44564990680946553,0.22996899901037965,0.9518497962986023,64,0.0103161953559986,20,0.05860402164274465,800
