cohort,group,algorithm,independent_n_active,existing_n_active,abs_diff,rel_diff,error,elapsed_seconds
GSE89632,NASH,fastcore,6197.0,6197.0,0.0,0.0,,142.25031876564026
GSE89632,NASH,gimme,12308.0,12308.0,0.0,0.0,,13.865806341171265
GSE89632,NASH,imat,5349.0,5349.0,0.0,0.0,,15.878176927566528
GSE89632,NASH,tinit,8352.0,8352.0,0.0,0.0,,99.23146057128906
GSE89632,healthy,fastcore,6300.0,6300.0,0.0,0.0,,168.22074031829834
GSE89632,healthy,gimme,12419.0,12419.0,0.0,0.0,,13.546061992645264
GSE89632,healthy,imat,5525.0,5525.0,0.0,0.0,,14.990278959274292
GSE89632,healthy,tinit,8099.0,8099.0,0.0,0.0,,126.78852033615112
GSE89632,steatosis,fastcore,6236.0,6236.0,0.0,0.0,,138.1183886528015
GSE89632,steatosis,gimme,12279.0,12279.0,0.0,0.0,,12.365078926086426
GSE89632,steatosis,imat,5354.0,5354.0,0.0,0.0,,14.720834255218506
GSE89632,steatosis,tinit,8288.0,8288.0,0.0,0.0,,95.75061440467834
GSE126848,NASH,fastcore,6128.0,6128.0,0.0,0.0,,184.01060152053833
GSE126848,NASH,gimme,10764.0,10764.0,0.0,0.0,,13.023327350616455
GSE126848,NASH,imat,5636.0,5636.0,0.0,0.0,,14.84900951385498
GSE126848,NASH,tinit,7801.0,7598.0,203.0,0.026717557251908396,,215.8868236541748
GSE126848,healthy,fastcore,,,,,"Inconsistent irreversible core reactions 
	Impossible to build model",118.69030690193176
GSE126848,healthy,gimme,10397.0,10397.0,0.0,0.0,,13.182556867599487
GSE126848,healthy,imat,5421.0,5421.0,0.0,0.0,,13.86281132698059
GSE126848,healthy,tinit,7944.0,7944.0,0.0,0.0,,91.36211085319519
GSE126848,obese_no_NAFLD,fastcore,6060.0,6060.0,0.0,0.0,,148.8040120601654
GSE126848,obese_no_NAFLD,gimme,10514.0,10514.0,0.0,0.0,,13.520474672317505
GSE126848,obese_no_NAFLD,imat,5338.0,5338.0,0.0,0.0,,15.083579063415527
GSE126848,obese_no_NAFLD,tinit,7734.0,7734.0,0.0,0.0,,135.05228972434998
GSE126848,steatosis,fastcore,6614.0,6614.0,0.0,0.0,,175.67300748825073
GSE126848,steatosis,gimme,10442.0,10442.0,0.0,0.0,,13.860276460647583
GSE126848,steatosis,imat,5688.0,5688.0,0.0,0.0,,14.33592438697815
GSE126848,steatosis,tinit,7625.0,7625.0,0.0,0.0,,150.41514134407043
GSE135251,NASH,fastcore,6174.0,6174.0,0.0,0.0,,166.8319320678711
GSE135251,NASH,gimme,10696.0,10696.0,0.0,0.0,,14.25508165359497
GSE135251,NASH,imat,5356.0,5356.0,0.0,0.0,,14.222774028778076
GSE135251,NASH,tinit,7884.0,7884.0,0.0,0.0,,133.8119978904724
GSE135251,healthy,fastcore,6214.0,6214.0,0.0,0.0,,211.72310757637024
GSE135251,healthy,gimme,10559.0,10559.0,0.0,0.0,,14.133400440216064
GSE135251,healthy,imat,5488.0,5488.0,0.0,0.0,,15.989001274108887
GSE135251,healthy,tinit,8049.0,8049.0,0.0,0.0,,138.79767751693726
GSE135251,steatosis,fastcore,6000.0,6000.0,0.0,0.0,,149.03286266326904
GSE135251,steatosis,gimme,10662.0,10662.0,0.0,0.0,,14.314334154129028
GSE135251,steatosis,imat,5348.0,5348.0,0.0,0.0,,14.9858980178833
GSE135251,steatosis,tinit,7577.0,7577.0,0.0,0.0,,161.5192813873291
