cohort,group,consensus_definition_used,n_active_reactions,n_samples,thinning,seed,obj_frac,biomass_floor,fba_reproduced,pct_samples_structurally_valid,pct_reactions_within_fva_range,pct_reactions_ks_significant,ks_d_statistic_median,pct_reactions_with_medium_or_larger_shift,runtime_seconds,samples_path,summary_path,validation_path
GSE89632,NASH,strict,4031,500,100,42,0.9,112.35457726368267,True,100.0,99.9504,80.5866,0.244,30.4004,373.37,D:\Mahdi\GEM1\data\flux_sampling\GSE89632__NASH__samples.csv.gz,D:\Mahdi\GEM1\data\flux_sampling\GSE89632__NASH__summary.csv,D:\Mahdi\GEM1\data\flux_sampling\GSE89632__NASH__validation.json
GSE89632,healthy,strict,4119,500,100,42,0.9,112.35457726368273,True,100.0,100.0,86.2407,0.252,17.7239,357.49,D:\Mahdi\GEM1\data\flux_sampling\GSE89632__healthy__samples.csv.gz,D:\Mahdi\GEM1\data\flux_sampling\GSE89632__healthy__summary.csv,D:\Mahdi\GEM1\data\flux_sampling\GSE89632__healthy__validation.json
GSE89632,steatosis,strict,3979,500,100,42,0.9,112.35457726368273,True,100.0,100.0,94.8563,0.34,50.4791,351.93,D:\Mahdi\GEM1\data\flux_sampling\GSE89632__steatosis__samples.csv.gz,D:\Mahdi\GEM1\data\flux_sampling\GSE89632__steatosis__summary.csv,D:\Mahdi\GEM1\data\flux_sampling\GSE89632__steatosis__validation.json
GSE126848,NASH,strict,4292,500,100,42,0.9,112.35457726368271,True,100.0,100.0,86.0845,0.276,33.0941,371.53,D:\Mahdi\GEM1\data\flux_sampling\GSE126848__NASH__samples.csv.gz,D:\Mahdi\GEM1\data\flux_sampling\GSE126848__NASH__summary.csv,D:\Mahdi\GEM1\data\flux_sampling\GSE126848__NASH__validation.json
GSE126848,healthy,reduced,4747,500,100,42,0.9,112.38133353970113,True,100.0,100.0,80.1717,0.252,14.5064,434.36,D:\Mahdi\GEM1\data\flux_sampling\GSE126848__healthy__samples.csv.gz,D:\Mahdi\GEM1\data\flux_sampling\GSE126848__healthy__summary.csv,D:\Mahdi\GEM1\data\flux_sampling\GSE126848__healthy__validation.json
GSE126848,obese_no_NAFLD,strict,4057,500,100,42,0.9,112.3545772636827,True,100.0,99.9754,93.6885,0.292,41.3525,345.16,D:\Mahdi\GEM1\data\flux_sampling\GSE126848__obese_no_NAFLD__samples.csv.gz,D:\Mahdi\GEM1\data\flux_sampling\GSE126848__obese_no_NAFLD__summary.csv,D:\Mahdi\GEM1\data\flux_sampling\GSE126848__obese_no_NAFLD__validation.json
GSE126848,steatosis,strict,4396,500,100,42,0.9,112.38133353970115,True,100.0,100.0,98.29,0.308,25.7993,396.96,D:\Mahdi\GEM1\data\flux_sampling\GSE126848__steatosis__samples.csv.gz,D:\Mahdi\GEM1\data\flux_sampling\GSE126848__steatosis__summary.csv,D:\Mahdi\GEM1\data\flux_sampling\GSE126848__steatosis__validation.json
GSE135251,NASH,strict,4170,500,100,42,0.9,112.35457726368271,True,100.0,99.976,92.4419,0.26,33.0565,365.91,D:\Mahdi\GEM1\data\flux_sampling\GSE135251__NASH__samples.csv.gz,D:\Mahdi\GEM1\data\flux_sampling\GSE135251__NASH__summary.csv,D:\Mahdi\GEM1\data\flux_sampling\GSE135251__NASH__validation.json
GSE135251,healthy,strict,4350,500,100,42,0.9,112.3545772636827,True,100.0,99.8391,95.591,0.292,28.5063,401.11,D:\Mahdi\GEM1\data\flux_sampling\GSE135251__healthy__samples.csv.gz,D:\Mahdi\GEM1\data\flux_sampling\GSE135251__healthy__summary.csv,D:\Mahdi\GEM1\data\flux_sampling\GSE135251__healthy__validation.json
GSE135251,steatosis,strict,4074,500,100,42,0.9,112.35457726368278,True,100.0,100.0,86.0566,0.348,48.7582,349.95,D:\Mahdi\GEM1\data\flux_sampling\GSE135251__steatosis__samples.csv.gz,D:\Mahdi\GEM1\data\flux_sampling\GSE135251__steatosis__summary.csv,D:\Mahdi\GEM1\data\flux_sampling\GSE135251__steatosis__validation.json
