group,n_full_network,n_evaluated_eligible,n_NE,frac_NE_of_full_network,frac_NE_jeffreys_lo,frac_NE_jeffreys_hi,n_evaluated_zero,n_evaluated_nonzero_delta_gt_TAU,frac_nonzero_of_evaluated,frac_nonzero_jeffreys_lo,frac_nonzero_jeffreys_hi,n_feasibility_flip,frac_flip_of_evaluated,frac_flip_jeffreys_lo,frac_flip_jeffreys_hi
GSE126848__NASH,5718,3773,1945,0.3401538999650227,0.3279576029106425,0.3525119707310997,3555,218,0.0577789557381394,0.0506707480983496,0.0655652157190768,36,0.009541478929234,0.0068025547414653,0.0130316006978272
GSE126848__healthy,5718,4228,1490,0.260580622595313,0.2493264129497455,0.2720771373528775,3877,351,0.0830179754020813,0.074986125366505,0.0916204449728112,84,0.0198675496688741,0.0159832355680622,0.02440862260057
GSE126848__obese_no_NAFLD,5718,3538,2180,0.3812521860790486,0.3687259189164806,0.3938986332697645,3296,242,0.0684002261164499,0.0604335903916203,0.0770725810214217,35,0.0098925946862634,0.0070181469499036,0.0135675118274293
GSE126848__steatosis,5718,3877,1841,0.3219657222805177,0.3099478271749671,0.3341637984238394,3709,168,0.0433324735620325,0.0372608096793747,0.0500855211193657,5,0.0012896569512509,0.0004922652294513,0.0028245799050747
GSE135251__NASH,5718,3651,2067,0.3614900314795383,0.349110097466744,0.374010145918184,3485,166,0.0454669953437414,0.0390661007011257,0.052588050436715,22,0.0060257463708572,0.0038886115138502,0.0089440905471736
GSE135251__healthy,5718,3831,1887,0.3300104931794334,0.3179111514842703,0.3422818742187188,3531,300,0.0783085356303837,0.0701188323989839,0.0871350656619748,47,0.0122683372487601,0.0091399905552398,0.0161326235234696
GSE135251__steatosis,5718,3555,2163,0.3782791185729276,0.3657734382314622,0.3909079878550708,3327,228,0.0641350210970464,0.0564342877443744,0.0725450326727617,15,0.0042194092827004,0.0024687620919714,0.0067744943819534
GSE89632__NASH,5718,3512,2206,0.3857992305001749,0.3732424433642147,0.3984715957961041,3328,184,0.0523917995444191,0.045388334069769,0.0601325310673635,10,0.0028473804100227,0.001464875595119,0.0050451686224147
GSE89632__healthy,5718,3600,2118,0.3704092339979014,0.357960477408538,0.3829891442912192,3442,158,0.0438888888888888,0.0375600241768073,0.0509506374017845,63,0.0175,0.013595111512459,0.0221798272336201
GSE89632__steatosis,5718,3460,2258,0.3948933193424274,0.3822789678008816,0.4076140453009365,3325,135,0.0390173410404624,0.0329460186584549,0.0458592940698849,15,0.0043352601156069,0.0025366023017953,0.0069602404398043
