n_groups_detected,observed_n_reactions,null_mean,null_sd,null_p2_5,null_p97_5,effect_size_z,empirical_p_two_sided
0,4926,3950.3708,14.95509405947232,3921.0,3981.0,65.23724933592455,0.0
1,308,1432.4296,26.86266115545649,1378.0,1484.0,-41.85845897741965,0.0
2,192,292.1344,13.530962790238188,266.0,319.0,-7.400389872643892,0.0
3,84,39.2052,5.815105850387443,28.0,51.0,7.703178781692419,0.0
4,54,3.6266,1.8917421012483584,0.0,8.0,26.628048277171956,0.0
5,51,0.2214,0.46650355316227,0.0,1.0,108.849331705598,0.0
6,33,0.0114,0.1061710622481148,0.0,0.0,310.7117824902967,0.0
7,39,0.0006,0.0244899969781628,0.0,0.0,1592.4624259764064,0.0
8,19,0.0,0.0,0.0,0.0,,0.0
9,8,0.0,0.0,0.0,0.0,,0.0
10,4,0.0,0.0,0.0,0.0,,0.0
