state,cohort_A,cohort_B,n_joint_eligible,pearson_r_all_joint,pearson_p_all_joint,spearman_r_all_joint,spearman_p_all_joint,kendall_tau_all_joint,kendall_p_all_joint,n_either_detected,pearson_r_detected_subset,spearman_r_detected_subset,n_both_detected,n_only_A_detected,n_only_B_detected,n_neither_detected,jaccard_detected_overlap,odds_ratio_fisher,fisher_exact_p
NASH,GSE126848,GSE135251,3097,0.7560113037734597,0.0,0.1395987315796643,6.003707317107648e-15,0.0937387002106654,5.267202712871264e-15,238,0.7482687071284916,-0.0365584717017997,93,97,48,2859,0.3907563025210084,57.10631443298969,2.4558637700783374e-87
NASH,GSE126848,GSE89632,2571,0.8159350157858203,0.0,0.054496378628985,0.005710616820714,0.036295442138946,0.0058048399344888,208,0.8073086501310374,0.0989969222234668,56,83,69,2363,0.2692307692307692,23.105989174087654,7.445508834503198e-42
NASH,GSE135251,GSE89632,2412,0.9498421080053152,0.0,0.0193096779621246,0.3431620644981234,0.0135349160181705,0.3190830478436204,203,0.9483687378857608,-0.2871416234639981,35,80,88,2209,0.1724137931034483,10.982244318181818,6.98893067103381e-20
healthy,GSE126848,GSE135251,3408,0.1351100610023349,2.3576716891889445e-15,0.1305655967648183,1.97647787139579e-14,0.0878314889479103,1.5053124983253476e-14,410,0.1155548640214369,-0.1435257881570659,168,137,105,2998,0.4097560975609756,35.013138686131384,1.781728872205323e-124
healthy,GSE126848,GSE89632,2649,0.8349108288206772,0.0,0.0676589140992178,0.0004927841331374,0.0455561075855894,0.0004402312426649,278,0.8267627526847788,-0.0357327274316566,59,158,61,2371,0.2122302158273381,14.51431832330359,5.136096222411656e-35
healthy,GSE135251,GSE89632,2542,0.5017900942641272,3.205354601896571e-162,0.0644777018417817,0.0011433872602758,0.0432798144052515,0.0010723703255604,251,0.4822600921372325,-0.317402390438247,47,138,66,2291,0.1872509960159362,11.822244180939832,3.176560562581188e-26
steatosis,GSE126848,GSE135251,3220,0.843752913007544,0.0,0.010882151020176,0.5370456681263482,0.006940287822945,0.5549167518304116,228,0.8403967285118974,0.0941613503199932,97,44,87,2992,0.425438596491228,75.816091954023,5.359036771894684e-98
steatosis,GSE126848,GSE89632,2518,0.866062547749038,0.0,0.0797808359121027,6.129263973380362e-05,0.0528568647031208,7.018147591754975e-05,165,0.8634846146297032,-0.3003793444287126,30,77,58,2353,0.1818181818181818,15.806090461262874,4.676822900038467e-21
steatosis,GSE135251,GSE89632,2345,0.9389258357597976,0.0,0.0691161242825053,0.0008105020350111,0.0464744126205702,0.0007428852620874,191,0.9364369661193704,-0.2240751584458528,40,97,54,2154,0.2094240837696335,16.44902634593356,6.66891053228524e-27
