reaction_id,biomarker_set,group,status,PR_objective
MAR00146,dnl_scd1_fasn,GSE126848__NASH,zero,
MAR00146,dnl_scd1_fasn,GSE126848__healthy,zero,
MAR00146,dnl_scd1_fasn,GSE126848__obese_no_NAFLD,zero,
MAR00146,dnl_scd1_fasn,GSE126848__steatosis,zero,
MAR00146,dnl_scd1_fasn,GSE135251__NASH,zero,
MAR00146,dnl_scd1_fasn,GSE135251__healthy,zero,
MAR00146,dnl_scd1_fasn,GSE135251__steatosis,zero,
MAR00146,dnl_scd1_fasn,GSE89632__NASH,zero,
MAR00146,dnl_scd1_fasn,GSE89632__healthy,zero,
MAR00146,dnl_scd1_fasn,GSE89632__steatosis,zero,
MAR00636,choline_pc,GSE126848__NASH,NE,
MAR00636,choline_pc,GSE126848__healthy,NE,
MAR00636,choline_pc,GSE126848__obese_no_NAFLD,NE,
MAR00636,choline_pc,GSE126848__steatosis,NE,
MAR00636,choline_pc,GSE135251__NASH,NE,
MAR00636,choline_pc,GSE135251__healthy,NE,
MAR00636,choline_pc,GSE135251__steatosis,NE,
MAR00636,choline_pc,GSE89632__NASH,NE,
MAR00636,choline_pc,GSE89632__healthy,NE,
MAR00636,choline_pc,GSE89632__steatosis,NE,
MAR00638,choline_pc,GSE126848__NASH,NE,
MAR00638,choline_pc,GSE126848__healthy,NE,
MAR00638,choline_pc,GSE126848__obese_no_NAFLD,NE,
MAR00638,choline_pc,GSE126848__steatosis,NE,
MAR00638,choline_pc,GSE135251__NASH,NE,
MAR00638,choline_pc,GSE135251__healthy,NE,
MAR00638,choline_pc,GSE135251__steatosis,NE,
MAR00638,choline_pc,GSE89632__NASH,NE,
MAR00638,choline_pc,GSE89632__healthy,NE,
MAR00638,choline_pc,GSE89632__steatosis,NE,
MAR00653,choline_pc,GSE126848__NASH,NE,
MAR00653,choline_pc,GSE126848__healthy,NE,
MAR00653,choline_pc,GSE126848__obese_no_NAFLD,NE,
MAR00653,choline_pc,GSE126848__steatosis,NE,
MAR00653,choline_pc,GSE135251__NASH,NE,
MAR00653,choline_pc,GSE135251__healthy,NE,
MAR00653,choline_pc,GSE135251__steatosis,NE,
MAR00653,choline_pc,GSE89632__NASH,NE,
MAR00653,choline_pc,GSE89632__healthy,NE,
MAR00653,choline_pc,GSE89632__steatosis,NE,
MAR01603,choline_pc,GSE126848__NASH,NE,
MAR01603,choline_pc,GSE126848__healthy,NE,
MAR01603,choline_pc,GSE126848__obese_no_NAFLD,NE,
MAR01603,choline_pc,GSE126848__steatosis,NE,
MAR01603,choline_pc,GSE135251__NASH,NE,
MAR01603,choline_pc,GSE135251__healthy,NE,
MAR01603,choline_pc,GSE135251__steatosis,NE,
MAR01603,choline_pc,GSE89632__NASH,NE,
MAR01603,choline_pc,GSE89632__healthy,NE,
MAR01603,choline_pc,GSE89632__steatosis,NE,
MAR01606,choline_pc,GSE126848__NASH,zero,
MAR01606,choline_pc,GSE126848__healthy,zero,
MAR01606,choline_pc,GSE126848__obese_no_NAFLD,zero,
MAR01606,choline_pc,GSE126848__steatosis,zero,
MAR01606,choline_pc,GSE135251__NASH,zero,
MAR01606,choline_pc,GSE135251__healthy,NE,
MAR01606,choline_pc,GSE135251__steatosis,NE,
MAR01606,choline_pc,GSE89632__NASH,NE,
MAR01606,choline_pc,GSE89632__healthy,NE,
MAR01606,choline_pc,GSE89632__steatosis,NE,
MAR02150,dnl_scd1_fasn,GSE126848__NASH,zero,
MAR02150,dnl_scd1_fasn,GSE126848__healthy,zero,
MAR02150,dnl_scd1_fasn,GSE126848__obese_no_NAFLD,zero,
MAR02150,dnl_scd1_fasn,GSE126848__steatosis,zero,
MAR02150,dnl_scd1_fasn,GSE135251__NASH,NE,
MAR02150,dnl_scd1_fasn,GSE135251__healthy,NE,
MAR02150,dnl_scd1_fasn,GSE135251__steatosis,NE,
MAR02150,dnl_scd1_fasn,GSE89632__NASH,zero,
MAR02150,dnl_scd1_fasn,GSE89632__healthy,zero,
MAR02150,dnl_scd1_fasn,GSE89632__steatosis,zero,
MAR02182,dnl_scd1_fasn,GSE126848__NASH,zero,
MAR02182,dnl_scd1_fasn,GSE126848__healthy,zero,
MAR02182,dnl_scd1_fasn,GSE126848__obese_no_NAFLD,zero,
MAR02182,dnl_scd1_fasn,GSE126848__steatosis,zero,
MAR02182,dnl_scd1_fasn,GSE135251__NASH,NE,
MAR02182,dnl_scd1_fasn,GSE135251__healthy,NE,
MAR02182,dnl_scd1_fasn,GSE135251__steatosis,NE,
MAR02182,dnl_scd1_fasn,GSE89632__NASH,zero,
MAR02182,dnl_scd1_fasn,GSE89632__healthy,zero,
MAR02182,dnl_scd1_fasn,GSE89632__steatosis,zero,
MAR03744,bcaa,GSE126848__NASH,NE,
MAR03744,bcaa,GSE126848__healthy,NE,
MAR03744,bcaa,GSE126848__obese_no_NAFLD,NE,
MAR03744,bcaa,GSE126848__steatosis,NE,
MAR03744,bcaa,GSE135251__NASH,NE,
MAR03744,bcaa,GSE135251__healthy,NE,
MAR03744,bcaa,GSE135251__steatosis,NE,
MAR03744,bcaa,GSE89632__NASH,NE,
MAR03744,bcaa,GSE89632__healthy,NE,
MAR03744,bcaa,GSE89632__steatosis,NE,
MAR03747,bcaa,GSE126848__NASH,NE,
MAR03747,bcaa,GSE126848__healthy,NE,
MAR03747,bcaa,GSE126848__obese_no_NAFLD,NE,
MAR03747,bcaa,GSE126848__steatosis,NE,
MAR03747,bcaa,GSE135251__NASH,NE,
MAR03747,bcaa,GSE135251__healthy,NE,
MAR03747,bcaa,GSE135251__steatosis,NE,
MAR03747,bcaa,GSE89632__NASH,NE,
MAR03747,bcaa,GSE89632__healthy,NE,
MAR03747,bcaa,GSE89632__steatosis,NE,
MAR03765,bcaa,GSE126848__NASH,NE,
MAR03765,bcaa,GSE126848__healthy,NE,
MAR03765,bcaa,GSE126848__obese_no_NAFLD,NE,
MAR03765,bcaa,GSE126848__steatosis,NE,
MAR03765,bcaa,GSE135251__NASH,NE,
MAR03765,bcaa,GSE135251__healthy,NE,
MAR03765,bcaa,GSE135251__steatosis,NE,
MAR03765,bcaa,GSE89632__NASH,NE,
MAR03765,bcaa,GSE89632__healthy,NE,
MAR03765,bcaa,GSE89632__steatosis,NE,
MAR03777,bcaa,GSE126848__NASH,NE,
MAR03777,bcaa,GSE126848__healthy,NE,
MAR03777,bcaa,GSE126848__obese_no_NAFLD,NE,
MAR03777,bcaa,GSE126848__steatosis,NE,
MAR03777,bcaa,GSE135251__NASH,NE,
MAR03777,bcaa,GSE135251__healthy,NE,
MAR03777,bcaa,GSE135251__steatosis,NE,
MAR03777,bcaa,GSE89632__NASH,NE,
MAR03777,bcaa,GSE89632__healthy,NE,
MAR03777,bcaa,GSE89632__steatosis,NE,
MAR03778,bcaa,GSE126848__NASH,NE,
MAR03778,bcaa,GSE126848__healthy,NE,
MAR03778,bcaa,GSE126848__obese_no_NAFLD,NE,
MAR03778,bcaa,GSE126848__steatosis,NE,
MAR03778,bcaa,GSE135251__NASH,NE,
MAR03778,bcaa,GSE135251__healthy,NE,
MAR03778,bcaa,GSE135251__steatosis,NE,
MAR03778,bcaa,GSE89632__NASH,NE,
MAR03778,bcaa,GSE89632__healthy,NE,
MAR03778,bcaa,GSE89632__steatosis,NE,
MAR03809,urea_cycle,GSE126848__NASH,zero,
MAR03809,urea_cycle,GSE126848__healthy,zero,
MAR03809,urea_cycle,GSE126848__obese_no_NAFLD,zero,
MAR03809,urea_cycle,GSE126848__steatosis,zero,
MAR03809,urea_cycle,GSE135251__NASH,zero,
MAR03809,urea_cycle,GSE135251__healthy,zero,
MAR03809,urea_cycle,GSE135251__steatosis,zero,
MAR03809,urea_cycle,GSE89632__NASH,nonzero,0.0001137957793868
MAR03809,urea_cycle,GSE89632__healthy,nonzero,8.80514562004708e-05
MAR03809,urea_cycle,GSE89632__steatosis,zero,
MAR03811,urea_cycle,GSE126848__NASH,zero,
MAR03811,urea_cycle,GSE126848__healthy,zero,
MAR03811,urea_cycle,GSE126848__obese_no_NAFLD,zero,
MAR03811,urea_cycle,GSE126848__steatosis,zero,
MAR03811,urea_cycle,GSE135251__NASH,zero,
MAR03811,urea_cycle,GSE135251__healthy,zero,
MAR03811,urea_cycle,GSE135251__steatosis,zero,
MAR03811,urea_cycle,GSE89632__NASH,NE,
MAR03811,urea_cycle,GSE89632__healthy,NE,
MAR03811,urea_cycle,GSE89632__steatosis,NE,
MAR03813,urea_cycle,GSE126848__NASH,zero,
MAR03813,urea_cycle,GSE126848__healthy,zero,
MAR03813,urea_cycle,GSE126848__obese_no_NAFLD,NE,
MAR03813,urea_cycle,GSE126848__steatosis,zero,
MAR03813,urea_cycle,GSE135251__NASH,NE,
MAR03813,urea_cycle,GSE135251__healthy,NE,
MAR03813,urea_cycle,GSE135251__steatosis,NE,
MAR03813,urea_cycle,GSE89632__NASH,NE,
MAR03813,urea_cycle,GSE89632__healthy,NE,
MAR03813,urea_cycle,GSE89632__steatosis,NE,
MAR03816,urea_cycle,GSE126848__NASH,zero,
MAR03816,urea_cycle,GSE126848__healthy,zero,
MAR03816,urea_cycle,GSE126848__obese_no_NAFLD,zero,
MAR03816,urea_cycle,GSE126848__steatosis,zero,
MAR03816,urea_cycle,GSE135251__NASH,zero,
MAR03816,urea_cycle,GSE135251__healthy,zero,
MAR03816,urea_cycle,GSE135251__steatosis,zero,
MAR03816,urea_cycle,GSE89632__NASH,zero,
MAR03816,urea_cycle,GSE89632__healthy,zero,
MAR03816,urea_cycle,GSE89632__steatosis,zero,
MAR03845,serine_glycine_shmt,GSE126848__NASH,NE,
MAR03845,serine_glycine_shmt,GSE126848__healthy,NE,
MAR03845,serine_glycine_shmt,GSE126848__obese_no_NAFLD,NE,
MAR03845,serine_glycine_shmt,GSE126848__steatosis,NE,
MAR03845,serine_glycine_shmt,GSE135251__NASH,NE,
MAR03845,serine_glycine_shmt,GSE135251__healthy,NE,
MAR03845,serine_glycine_shmt,GSE135251__steatosis,NE,
MAR03845,serine_glycine_shmt,GSE89632__NASH,NE,
MAR03845,serine_glycine_shmt,GSE89632__healthy,NE,
MAR03845,serine_glycine_shmt,GSE89632__steatosis,NE,
MAR03873,urea_cycle,GSE126848__NASH,zero,
MAR03873,urea_cycle,GSE126848__healthy,zero,
MAR03873,urea_cycle,GSE126848__obese_no_NAFLD,zero,
MAR03873,urea_cycle,GSE126848__steatosis,zero,
MAR03873,urea_cycle,GSE135251__NASH,zero,
MAR03873,urea_cycle,GSE135251__healthy,zero,
MAR03873,urea_cycle,GSE135251__steatosis,zero,
MAR03873,urea_cycle,GSE89632__NASH,zero,
MAR03873,urea_cycle,GSE89632__healthy,nonzero,7.254868331827929e-07
MAR03873,urea_cycle,GSE89632__steatosis,zero,
MAR04792,serine_glycine_shmt,GSE126848__NASH,NE,
MAR04792,serine_glycine_shmt,GSE126848__healthy,NE,
MAR04792,serine_glycine_shmt,GSE126848__obese_no_NAFLD,NE,
MAR04792,serine_glycine_shmt,GSE126848__steatosis,zero,
MAR04792,serine_glycine_shmt,GSE135251__NASH,NE,
MAR04792,serine_glycine_shmt,GSE135251__healthy,NE,
MAR04792,serine_glycine_shmt,GSE135251__steatosis,NE,
MAR04792,serine_glycine_shmt,GSE89632__NASH,nonzero,0.0035386010477964
MAR04792,serine_glycine_shmt,GSE89632__healthy,zero,
MAR04792,serine_glycine_shmt,GSE89632__steatosis,nonzero,0.0002437929146469
MAR06416,bcaa,GSE126848__NASH,NE,
MAR06416,bcaa,GSE126848__healthy,NE,
MAR06416,bcaa,GSE126848__obese_no_NAFLD,NE,
MAR06416,bcaa,GSE126848__steatosis,NE,
MAR06416,bcaa,GSE135251__NASH,NE,
MAR06416,bcaa,GSE135251__healthy,NE,
MAR06416,bcaa,GSE135251__steatosis,NE,
MAR06416,bcaa,GSE89632__NASH,NE,
MAR06416,bcaa,GSE89632__healthy,NE,
MAR06416,bcaa,GSE89632__steatosis,NE,
MAR06419,bcaa,GSE126848__NASH,NE,
MAR06419,bcaa,GSE126848__healthy,NE,
MAR06419,bcaa,GSE126848__obese_no_NAFLD,NE,
MAR06419,bcaa,GSE126848__steatosis,NE,
MAR06419,bcaa,GSE135251__NASH,NE,
MAR06419,bcaa,GSE135251__healthy,NE,
MAR06419,bcaa,GSE135251__steatosis,NE,
MAR06419,bcaa,GSE89632__NASH,zero,
MAR06419,bcaa,GSE89632__healthy,zero,
MAR06419,bcaa,GSE89632__steatosis,zero,
MAR06421,bcaa,GSE126848__NASH,zero,
MAR06421,bcaa,GSE126848__healthy,NE,
MAR06421,bcaa,GSE126848__obese_no_NAFLD,NE,
MAR06421,bcaa,GSE126848__steatosis,zero,
MAR06421,bcaa,GSE135251__NASH,zero,
MAR06421,bcaa,GSE135251__healthy,zero,
MAR06421,bcaa,GSE135251__steatosis,zero,
MAR06421,bcaa,GSE89632__NASH,zero,
MAR06421,bcaa,GSE89632__healthy,zero,
MAR06421,bcaa,GSE89632__steatosis,zero,
MAR06923,bcaa,GSE126848__NASH,NE,
MAR06923,bcaa,GSE126848__healthy,NE,
MAR06923,bcaa,GSE126848__obese_no_NAFLD,NE,
MAR06923,bcaa,GSE126848__steatosis,NE,
MAR06923,bcaa,GSE135251__NASH,NE,
MAR06923,bcaa,GSE135251__healthy,NE,
MAR06923,bcaa,GSE135251__steatosis,NE,
MAR06923,bcaa,GSE89632__NASH,NE,
MAR06923,bcaa,GSE89632__healthy,NE,
MAR06923,bcaa,GSE89632__steatosis,NE,
MAR08426,urea_cycle,GSE126848__NASH,NE,
MAR08426,urea_cycle,GSE126848__healthy,NE,
MAR08426,urea_cycle,GSE126848__obese_no_NAFLD,NE,
MAR08426,urea_cycle,GSE126848__steatosis,NE,
MAR08426,urea_cycle,GSE135251__NASH,NE,
MAR08426,urea_cycle,GSE135251__healthy,NE,
MAR08426,urea_cycle,GSE135251__steatosis,NE,
MAR08426,urea_cycle,GSE89632__NASH,NE,
MAR08426,urea_cycle,GSE89632__healthy,NE,
MAR08426,urea_cycle,GSE89632__steatosis,NE,
