group,reaction_id,mean_prod_pilot,diff_prod_minus_pilot,PR_objective_prod,PR_objective_pilot
GSE126848__obese_no_NAFLD,MAR08966,2.1312363029018653,-0.4505342624527417,1.9059691716754943,2.356503434128236
GSE126848__obese_no_NAFLD,MAR07819,2.135795759264201,-0.5002777401154521,1.8856568892064751,2.3859346293219272
GSE126848__obese_no_NAFLD,MAR08998,2.052511837742,-0.3403966236282454,1.882313525927877,2.2227101495561223
GSE126848__obese_no_NAFLD,MAR00377,0.000133872689089,2.11023575345969e-05,0.0001444238678563,0.0001233215103217
GSE126848__obese_no_NAFLD,MAR03029,3.489964925323562e-05,6.979929852266499e-05,6.979929851456811e-05,-8.096882337731376e-15
GSE126848__obese_no_NAFLD,MAR01648,1.4779920514171412e-05,2.9559841042780724e-05,2.9559841035561774e-05,-7.218949072827743e-15
GSE126848__obese_no_NAFLD,MAR02727,3.78614573602598e-05,-2.6902077646846717e-05,2.4410418536836443e-05,5.131249618368316e-05
GSE126848__obese_no_NAFLD,MAR03429,3.867352215245644e-05,-3.02035960605964e-05,2.357172412215824e-05,5.377532018275464e-05
GSE126848__obese_no_NAFLD,MAR03302,4.975343340796494e-14,1.4487871788853862e-13,1.2219279235223425e-13,-2.2685925536304377e-14
GSE126848__obese_no_NAFLD,MAR00345,5.190011767303336e-14,1.3732257029093485e-13,1.205614028185008e-13,-1.6761167472434074e-14
GSE126848__obese_no_NAFLD,MAR02580,5.4931465156729124e-14,1.2881775430642646e-13,1.1934034230994234e-13,-9.477411996484102e-15
GSE126848__obese_no_NAFLD,MAR12748,5.5698221777531673e-14,1.2664838652778932e-13,1.190224150414263e-13,-7.625971486362981e-15
GSE126848__obese_no_NAFLD,MAR03920,5.241883013900952e-14,1.3306449511844661e-13,1.1895107769823282e-13,-1.4113417420213804e-14
GSE126848__obese_no_NAFLD,MAR04504,5.4354815658724996e-14,1.2917334651990229e-13,1.1894148891867614e-13,-1.0231857601226151e-14
GSE126848__obese_no_NAFLD,MAR03873,5.3614533790004346e-14,1.2750747824102732e-13,1.17368272910518e-13,-1.0139205330509296e-14
GSE126848__obese_no_NAFLD,MAR08757,5.342623735953839e-14,1.2712624587347458e-13,1.1698936029627566e-13,-1.0136885577198896e-14
GSE126848__obese_no_NAFLD,MAR04994,5.423777299148152e-14,1.2501669190709212e-13,1.1674611894502758e-13,-8.27057296206455e-15
GSE126848__obese_no_NAFLD,MAR12265,5.1176253412333274e-14,1.300727830415638e-13,1.1621264493311516e-13,-1.386013810844862e-14
GSE126848__obese_no_NAFLD,MAR02665,5.129232454071195e-14,1.25039217465949e-13,1.1381193327368646e-13,-1.122728419226256e-14
GSE126848__obese_no_NAFLD,MAR02061,4.554467982275643e-14,1.36478652272457e-13,1.1378400595898493e-13,-2.2694646313472064e-14
GSE126848__obese_no_NAFLD,MAR01155,5.0834277831932833e-14,1.2280702060667765e-13,1.1223778813527165e-13,-1.0569232471405987e-14
GSE126848__obese_no_NAFLD,MAR01040,4.929177298184061e-14,1.2553347527398374e-13,1.1205851061883248e-13,-1.3474964655151266e-14
GSE126848__obese_no_NAFLD,MAR12651,4.715691160315065e-14,1.275178731172277e-13,1.1091584816176454e-13,-1.6602024955463206e-14
GSE126848__obese_no_NAFLD,MAR05006,4.8923324832638636e-14,1.239227450451991e-13,1.1088469735523817e-13,-1.303804768996091e-14
GSE126848__obese_no_NAFLD,MAR03816,4.885949105455119e-14,1.2265299484306299e-13,1.1018598847608269e-13,-1.2467006366980321e-14
GSE126848__obese_no_NAFLD,MAR06499,4.8956391792084784e-14,1.2124908307899773e-13,1.0958093333158365e-13,-1.1668149747414083e-14
GSE126848__obese_no_NAFLD,MAR03811,4.6143598802460415e-14,1.2506136578467782e-13,1.0867428169479933e-13,-1.6387084089878506e-14
GSE126848__obese_no_NAFLD,MAR02709,5.1204628363783704e-14,1.1466526268513502e-13,1.0853725970635121e-13,-6.128002978783808e-15
GSE126848__obese_no_NAFLD,MAR03723,4.424778505827015e-14,1.267679856563457e-13,1.07631777886443e-13,-1.91362077699027e-14
GSE126848__obese_no_NAFLD,MAR02546,4.8974226298727566e-14,1.1644120450886576e-13,1.0719482855316045e-13,-9.246375955705316e-15
GSE126848__obese_no_NAFLD,MAR06186,4.688250941536309e-14,1.2051332974184193e-13,1.0713917428628407e-13,-1.3374155455557868e-14
GSE126848__obese_no_NAFLD,MAR06127,4.7352615716348796e-14,1.189321169571758e-13,1.0681867419493669e-13,-1.2113442762239108e-14
GSE126848__obese_no_NAFLD,MAR02497,4.6395470312996415e-14,1.1859239035815836e-13,1.056916654920756e-13,-1.2900724866082781e-14
GSE126848__obese_no_NAFLD,MAR07793,4.1913400011005476e-14,1.2249752353537632e-13,1.0316216177869364e-13,-1.9335361756682687e-14
GSE126848__obese_no_NAFLD,MAR03732,-2.0746183691682007e-16,3.183892635392821e-14,1.5712001340047287e-14,-1.6126925013880927e-14
GSE126848__obese_no_NAFLD,MAR01296,-1.3793423352928305e-15,3.2256603408165044e-14,1.4748959368789692e-14,-1.7507644039375352e-14
GSE126848__obese_no_NAFLD,MAR00948,6.689999913613011e-15,1.5907603976505704e-14,1.4643801901865863e-14,-1.2638020746398406e-15
GSE126848__obese_no_NAFLD,MAR03809,1.9769707572234159e-16,2.291341516978612e-14,1.16544046606154e-14,-1.1259010509170715e-14
GSE126848__obese_no_NAFLD,MAR01232,-4.622597174393965e-15,3.104742986379285e-14,1.0901117757502462e-14,-2.0146312106290392e-14
GSE126848__obese_no_NAFLD,MAR06166,1.676514362275673e-15,1.5161112981873794e-14,9.257070853212572e-15,-5.904042128661226e-15
GSE126848__obese_no_NAFLD,MAR08905,-8.998820516414579e-15,3.24051857786914e-14,7.203772372931121e-15,-2.5201413405760282e-14
GSE126848__obese_no_NAFLD,MAR03233,-6.361809041180016e-15,2.460814070895245e-14,5.9422613132962105e-15,-1.8665879395656243e-14
GSE126848__obese_no_NAFLD,MAR09289,8.802293124604566e-16,9.298170135272647e-15,5.529314380096781e-15,-3.768855755175867e-15
GSE126848__obese_no_NAFLD,MAR00146,-9.186814934380632e-16,1.2834455505000644e-14,5.498546259062259e-15,-7.335909245938385e-15
GSE135251__healthy,MAR04994,0.0041254302531691,-0.0004841738664852,0.0038833433199265,0.0043675171864117
GSE135251__healthy,MAR03029,0.0018827045183067,0.0006761852335619,0.0022207971350877,0.0015446119015257
GSE135251__healthy,MAR04504,0.0003258083232908,8.20902129813829e-05,0.0003668534297815,0.0002847632168001
GSE135251__healthy,MAR01648,0.0002258125981681,0.0002098307276367,0.0003307279619865,0.0001208972343497
GSE135251__healthy,MAR00377,0.0002942779334518,-1.690297214017501e-05,0.0002858264473818,0.0003027294195219
GSE135251__healthy,MAR03429,6.238464397788342e-05,-3.538191361595811e-05,4.469368716990437e-05,8.007560078586247e-05
GSE135251__healthy,MAR02727,1.185539402295328e-05,-1.703001869564295e-05,3.340384675131803e-06,2.0370403370774756e-05
GSE135251__healthy,MAR03873,5.393306116415114e-15,9.047242549538036e-15,9.916927391184132e-15,8.696848416460952e-16
GSE135251__healthy,MAR06127,3.926398588486247e-15,1.1775455192091049e-14,9.81412618453177e-15,-1.961329007559276e-15
GSE135251__healthy,MAR00345,5.008359921705093e-15,9.227145916759198e-15,9.621932880084692e-15,3.9478696332549423e-16
GSE135251__healthy,MAR02709,4.277068109551039e-15,1.0498354080468934e-14,9.526245149785506e-15,-9.72108930683428e-16
GSE135251__healthy,MAR01155,5.711201325333122e-15,7.458450257163979e-15,9.440426453915111e-15,1.9819761967511318e-15
GSE135251__healthy,MAR00146,4.392343292305395e-15,9.925848425029056e-15,9.355267504819923e-15,-5.705809202091333e-16
GSE135251__healthy,MAR01232,5.193280070937264e-15,7.997932985179601e-15,9.192246563527064e-15,1.1943135783474638e-15
GSE135251__healthy,MAR05006,5.187777227232804e-15,7.638949106441025e-15,9.007251780453316e-15,1.3683026740122914e-15
GSE135251__healthy,MAR01040,2.7302711950293703e-15,1.0056174650323992e-14,7.758358520191365e-15,-2.297816130132625e-15
GSE135251__healthy,MAR03811,2.5944402612039417e-15,1.0165960708329168e-14,7.677420615368526e-15,-2.4885400929606423e-15
GSE135251__healthy,MAR03302,4.466486191447998e-15,6.156371532882131e-15,7.544671957889063e-15,1.3883004250069321e-15
GSE135251__healthy,MAR02061,4.124043548129585e-15,6.306975172598245e-15,7.277531134428707e-15,9.70555961830462e-16
GSE135251__healthy,MAR09289,2.1080987107142058e-15,9.641905580984893e-15,6.929051501206651e-15,-2.7128540797782397e-15
GSE135251__healthy,MAR02546,3.308237677593624e-15,7.050794753422334e-15,6.833635054304791e-15,-2.1715969911754323e-16
GSE135251__healthy,MAR06499,3.467638050468554e-15,6.247985945264401e-15,6.591631023100754e-15,3.4364507783635355e-16
GSE135251__healthy,MAR06186,2.509207360107704e-15,6.7457015309779056e-15,5.882058125596657e-15,-8.636434053812494e-16
GSE135251__healthy,MAR03920,2.899610497363423e-15,5.5894428895123694e-15,5.694331942119608e-15,1.048890526072382e-16
GSE135251__healthy,MAR00948,2.791497679524195e-15,5.434682739187125e-15,5.508839049117758e-15,7.415630993063268e-17
GSE135251__healthy,MAR02665,1.3533813297985224e-15,7.410322899115577e-15,5.058542779356311e-15,-2.3517801197592658e-15
GSE135251__healthy,MAR03809,1.9349202413820203e-15,6.1161655333238545e-15,4.993003008043948e-15,-1.1231625252799074e-15
GSE135251__healthy,MAR03816,1.7801899285577834e-15,6.3166681009680945e-15,4.938523979041831e-15,-1.3781441219262642e-15
GSE135251__healthy,MAR03233,2.932947437557476e-15,3.658401370180008e-15,4.76214812264748e-15,1.103746752467472e-15
GSE135251__healthy,MAR06166,2.452036384789274e-15,4.569830373889457e-15,4.7369515717340026e-15,1.6712119784454575e-16
GSE135251__healthy,MAR08905,1.9281066601585176e-15,5.547251881563845e-15,4.70173260094044e-15,-8.455192806234052e-16
GSE135251__healthy,MAR07793,2.663973779964419e-15,3.1217498382993827e-15,4.22484869911411e-15,1.1030988608147282e-15
GSE135251__healthy,MAR08757,1.908456941503356e-15,3.519473828474244e-15,3.668193855740478e-15,1.4872002726623406e-16
GSE135251__healthy,MAR02580,1.4756941375246842e-15,3.634747600088815e-15,3.293067937569092e-15,-3.4167966251972357e-16
GSE135251__healthy,MAR07819,1.3050361581336619e-15,2.562076219654253e-15,2.5860742679607885e-15,2.399804830653578e-17
GSE135251__healthy,MAR01296,1.205407719735593e-15,2.3433614107054842e-15,2.377088425088335e-15,3.3727014382850845e-17
GSE135251__healthy,MAR08966,-1.4228236897611162e-15,1.8094392232054197e-15,-5.181040781584064e-16,-2.327543301363826e-15
GSE135251__healthy,MAR12748,-4.014632649563194e-15,-7.246754029098073e-15,-7.63800966411223e-15,-3.912556350141582e-16
GSE135251__healthy,MAR12265,-5.104765304865501e-15,-9.115264902637126e-15,-9.662397756184064e-15,-5.471328535469378e-16
GSE135251__healthy,MAR12651,-5.3173944302172336e-15,-1.0991503131984635e-14,-1.0813145996209552e-14,1.7835713577508298e-16
