group,n_reactions,mean,std,min,p10,p25,median,p75,p90,max
GSE126848__NASH,3773,0.005680519964037426,0.0847007295956698,-1.849216484718664e-14,-9.236993291976865e-15,-6.614506921984932e-15,-3.546146740392367e-15,-5.889183035128762e-16,3.394874342584535e-15,2.1539955676802083
GSE126848__healthy,4228,0.001858840104518332,0.025882955242853896,-5.609818416507409e-14,3.2388844369747303e-13,3.501615580896435e-13,9.97203701019371e-13,1.0435729679166721e-12,1.0816517556090543e-12,0.7859671992417275
GSE126848__obese_no_NAFLD,3538,0.004318439971595742,0.07559862704785855,-5.400622545006716e-15,8.592133909828417e-15,1.6297394232719773e-14,1.1072572449633443e-13,1.1608940395401766e-13,1.211532841241044e-13,1.9059691716754943
GSE126848__steatosis,3877,0.004142912761827492,0.10820418701753125,-1.5358948902247052e-14,-7.71859009880886e-15,-1.3182611053063064e-16,2.086724019518509e-15,3.98597144450788e-15,5.985870774121273e-15,4.457588856442859
GSE135251__NASH,3651,0.00361716415226822,0.07302237272005697,-2.6995620136800994e-14,-6.373986306083253e-15,2.5260463680146153e-15,7.377219660897215e-15,1.0804324576216645e-14,1.539728970997768e-14,2.6998928959761304
GSE135251__healthy,3831,0.004912854374591616,0.09244160144639997,-2.1180823319018582e-14,-3.63248099801364e-15,4.324514651162736e-15,6.903854950293172e-15,9.118325954830902e-15,1.2126930790534571e-14,2.412620194201449
GSE135251__steatosis,3555,0.005187287906206861,0.1043378805870243,-4.1276758218713956e-14,-2.0531326516824374e-14,-1.7515107038752553e-14,-1.3037247324000404e-14,-5.566307161176556e-15,2.01984300292021e-15,3.038077558064092
GSE89632__NASH,3512,0.004387323788069986,0.07888977632037511,-3.0808060505220955e-14,-9.899476887849185e-15,-6.969870256896949e-15,-3.83426938201936e-15,-8.400515051162728e-16,2.185276906602523e-15,2.495309328810644
GSE89632__healthy,3600,0.00392326021619016,0.05249310810687047,-4.787096994799616e-13,-4.3181038688570154e-13,-4.1634238868122294e-13,-3.9864088972537486e-13,1.741613302463831e-14,3.8018647746551e-14,1.6135081392829629
GSE89632__steatosis,3460,0.004598807928890991,0.0740367983639153,-5.3303814826578736e-14,-1.1905707158903639e-14,-7.137289342698556e-15,-2.7288123076918796e-15,2.5459569942804973e-17,2.5039433426414136e-15,2.3830154707359803
