group,n_dropout_candidates_manifest,n_reactions_scored,n_occ_obj_nonzero,occ_obj_sparsity_frac_zero,n_occ_flip_nonzero,occ_flip_sparsity_frac_zero
GSE126848__NASH,3773,3773,218,0.9422210442618606,36,0.9904585210707659
GSE126848__healthy,4228,4228,351,0.9169820245979187,84,0.9801324503311258
GSE126848__obese_no_NAFLD,3538,3538,242,0.93159977388355,35,0.9901074053137365
GSE126848__steatosis,3877,3877,168,0.9566675264379675,5,0.9987103430487491
GSE135251__NASH,3651,3651,166,0.9545330046562586,22,0.9939742536291427
GSE135251__healthy,3831,3831,300,0.9216914643696162,47,0.9877316627512399
GSE135251__steatosis,3555,3555,228,0.9358649789029536,15,0.9957805907172996
GSE89632__NASH,3512,3512,184,0.9476082004555808,10,0.9971526195899773
GSE89632__healthy,3600,3600,158,0.9561111111111111,63,0.9825
GSE89632__steatosis,3460,3460,135,0.9609826589595376,15,0.9956647398843931
