reaction_id,biomarker_set,group,status,PR_objective,pct_rank_PR_objective,occ_obj_k,occ_obj_p,n_eligible
MAR00146,dnl_scd1_fasn,GSE126848__NASH,evaluated,-1.2312653904868156e-15,70.65995229260535,0.0,0.0,554.0
MAR00636,choline_pc,GSE126848__NASH,NE,,,,,
MAR00638,choline_pc,GSE126848__NASH,NE,,,,,
MAR00653,choline_pc,GSE126848__NASH,NE,,,,,
MAR01603,choline_pc,GSE126848__NASH,NE,,,,,
MAR01606,choline_pc,GSE126848__NASH,evaluated,-4.702872783448144e-15,39.411608799363904,0.0,0.0,556.0
MAR02150,dnl_scd1_fasn,GSE126848__NASH,evaluated,-3.611167834393197e-15,49.53617810760667,0.0,0.0,547.0
MAR02182,dnl_scd1_fasn,GSE126848__NASH,evaluated,1.105003169536503e-15,84.17704744235357,0.0,0.0,553.0
MAR03744,bcaa,GSE126848__NASH,NE,,,,,
MAR03747,bcaa,GSE126848__NASH,NE,,,,,
MAR03765,bcaa,GSE126848__NASH,NE,,,,,
MAR03777,bcaa,GSE126848__NASH,NE,,,,,
MAR03778,bcaa,GSE126848__NASH,NE,,,,,
MAR03809,urea_cycle,GSE126848__NASH,evaluated,-6.321646039673949e-15,26.848661542539094,0.0,0.0,553.0
MAR03811,urea_cycle,GSE126848__NASH,evaluated,-7.746616934990412e-15,17.784256559766764,0.0,0.0,543.0
MAR03813,urea_cycle,GSE126848__NASH,evaluated,-1.0504786489115151e-14,5.883912006360986,0.0,0.0,556.0
MAR03816,urea_cycle,GSE126848__NASH,evaluated,-1.3615500146076964e-14,1.4047177312483434,0.0,0.0,549.0
MAR03845,serine_glycine_shmt,GSE126848__NASH,NE,,,,,
MAR03873,urea_cycle,GSE126848__NASH,evaluated,-7.092761711687274e-16,74.21150278293135,0.0,0.0,561.0
MAR04792,serine_glycine_shmt,GSE126848__NASH,NE,,,,,
MAR06416,bcaa,GSE126848__NASH,NE,,,,,
MAR06419,bcaa,GSE126848__NASH,NE,,,,,
MAR06421,bcaa,GSE126848__NASH,evaluated,-5.191419250202945e-15,35.939570633448184,0.0,0.0,542.0
MAR06923,bcaa,GSE126848__NASH,NE,,,,,
MAR08426,urea_cycle,GSE126848__NASH,NE,,,,,
MAR00146,dnl_scd1_fasn,GSE126848__healthy,evaluated,3.4996181776667793e-13,24.905392620624408,0.0,0.0,546.0
MAR00636,choline_pc,GSE126848__healthy,NE,,,,,
MAR00638,choline_pc,GSE126848__healthy,NE,,,,,
MAR00653,choline_pc,GSE126848__healthy,NE,,,,,
MAR01603,choline_pc,GSE126848__healthy,NE,,,,,
MAR01606,choline_pc,GSE126848__healthy,evaluated,-5.011196136413337e-15,3.5004730368968775,0.0,0.0,570.0
MAR02150,dnl_scd1_fasn,GSE126848__healthy,evaluated,1.0250264574751142e-12,62.819299905392626,0.0,0.0,570.0
MAR02182,dnl_scd1_fasn,GSE126848__healthy,evaluated,6.726715404623709e-13,29.564806054872278,0.0,0.0,582.0
MAR03744,bcaa,GSE126848__healthy,NE,,,,,
MAR03747,bcaa,GSE126848__healthy,NE,,,,,
MAR03765,bcaa,GSE126848__healthy,NE,,,,,
MAR03777,bcaa,GSE126848__healthy,NE,,,,,
MAR03778,bcaa,GSE126848__healthy,NE,,,,,
MAR03809,urea_cycle,GSE126848__healthy,evaluated,6.977325925311635e-13,38.434247871333966,0.0,0.0,558.0
MAR03811,urea_cycle,GSE126848__healthy,evaluated,1.0748143116264448e-12,88.90728476821192,0.0,0.0,540.0
MAR03813,urea_cycle,GSE126848__healthy,evaluated,1.0354522597894082e-12,69.34720908230842,0.0,0.0,564.0
MAR03816,urea_cycle,GSE126848__healthy,evaluated,6.875432511848636e-13,34.08230842005677,0.0,0.0,553.0
MAR03845,serine_glycine_shmt,GSE126848__healthy,NE,,,,,
MAR03873,urea_cycle,GSE126848__healthy,evaluated,6.780821518316914e-13,30.747398297067168,0.0,0.0,570.0
MAR04792,serine_glycine_shmt,GSE126848__healthy,NE,,,,,
MAR06416,bcaa,GSE126848__healthy,NE,,,,,
MAR06419,bcaa,GSE126848__healthy,NE,,,,,
MAR06421,bcaa,GSE126848__healthy,NE,,,,,
MAR06923,bcaa,GSE126848__healthy,NE,,,,,
MAR08426,urea_cycle,GSE126848__healthy,NE,,,,,
MAR00146,dnl_scd1_fasn,GSE126848__obese_no_NAFLD,evaluated,5.498546259062259e-15,4.607122668174109,0.0,0.0,566.0
MAR00636,choline_pc,GSE126848__obese_no_NAFLD,NE,,,,,
MAR00638,choline_pc,GSE126848__obese_no_NAFLD,NE,,,,,
MAR00653,choline_pc,GSE126848__obese_no_NAFLD,NE,,,,,
MAR01603,choline_pc,GSE126848__obese_no_NAFLD,NE,,,,,
MAR01606,choline_pc,GSE126848__obese_no_NAFLD,evaluated,1.0988714394749784e-13,46.693046919163365,0.0,0.0,561.0
MAR02150,dnl_scd1_fasn,GSE126848__obese_no_NAFLD,evaluated,1.0259173190119094e-14,13.171283210853591,0.0,0.0,561.0
MAR02182,dnl_scd1_fasn,GSE126848__obese_no_NAFLD,evaluated,1.4081665126881986e-14,20.604861503674393,0.0,0.0,550.0
MAR03744,bcaa,GSE126848__obese_no_NAFLD,NE,,,,,
MAR03747,bcaa,GSE126848__obese_no_NAFLD,NE,,,,,
MAR03765,bcaa,GSE126848__obese_no_NAFLD,NE,,,,,
MAR03777,bcaa,GSE126848__obese_no_NAFLD,NE,,,,,
MAR03778,bcaa,GSE126848__obese_no_NAFLD,NE,,,,,
MAR03809,urea_cycle,GSE126848__obese_no_NAFLD,evaluated,1.16544046606154e-14,15.856416054267946,0.0,0.0,567.0
MAR03811,urea_cycle,GSE126848__obese_no_NAFLD,evaluated,1.0867428169479933e-13,42.25551158846806,0.0,0.0,550.0
MAR03813,urea_cycle,GSE126848__obese_no_NAFLD,NE,,,,,
MAR03816,urea_cycle,GSE126848__obese_no_NAFLD,evaluated,1.1018598847608269e-13,47.82362916902205,0.0,0.0,548.0
MAR03845,serine_glycine_shmt,GSE126848__obese_no_NAFLD,NE,,,,,
MAR03873,urea_cycle,GSE126848__obese_no_NAFLD,evaluated,1.17368272910518e-13,79.90390050876202,0.0,0.0,552.0
MAR04792,serine_glycine_shmt,GSE126848__obese_no_NAFLD,NE,,,,,
MAR06416,bcaa,GSE126848__obese_no_NAFLD,NE,,,,,
MAR06419,bcaa,GSE126848__obese_no_NAFLD,NE,,,,,
MAR06421,bcaa,GSE126848__obese_no_NAFLD,NE,,,,,
MAR06923,bcaa,GSE126848__obese_no_NAFLD,NE,,,,,
MAR08426,urea_cycle,GSE126848__obese_no_NAFLD,NE,,,,,
MAR00146,dnl_scd1_fasn,GSE126848__steatosis,evaluated,3.5833934169594005e-15,70.36368326025277,0.0,0.0,579.0
MAR00636,choline_pc,GSE126848__steatosis,NE,,,,,
MAR00638,choline_pc,GSE126848__steatosis,NE,,,,,
MAR00653,choline_pc,GSE126848__steatosis,NE,,,,,
MAR01603,choline_pc,GSE126848__steatosis,NE,,,,,
MAR01606,choline_pc,GSE126848__steatosis,evaluated,5.883792478574865e-15,89.50219241681712,0.0,0.0,570.0
MAR02150,dnl_scd1_fasn,GSE126848__steatosis,evaluated,-7.418717805467007e-15,10.394635027082796,0.0,0.0,567.0
MAR02182,dnl_scd1_fasn,GSE126848__steatosis,evaluated,-9.40574556689629e-15,6.474077895279856,0.0,0.0,556.0
MAR03744,bcaa,GSE126848__steatosis,NE,,,,,
MAR03747,bcaa,GSE126848__steatosis,NE,,,,,
MAR03765,bcaa,GSE126848__steatosis,NE,,,,,
MAR03777,bcaa,GSE126848__steatosis,NE,,,,,
MAR03778,bcaa,GSE126848__steatosis,NE,,,,,
MAR03809,urea_cycle,GSE126848__steatosis,evaluated,3.749358347368794e-15,72.6592726334795,0.0,0.0,542.0
MAR03811,urea_cycle,GSE126848__steatosis,evaluated,1.6210100435591638e-15,43.306680423007485,0.0,0.0,526.0
MAR03813,urea_cycle,GSE126848__steatosis,evaluated,4.6951057097928876e-15,81.89321640443642,0.0,0.0,566.0
MAR03816,urea_cycle,GSE126848__steatosis,evaluated,5.367968843151122e-15,86.84549909724014,0.0,0.0,548.0
MAR03845,serine_glycine_shmt,GSE126848__steatosis,NE,,,,,
MAR03873,urea_cycle,GSE126848__steatosis,evaluated,-1.038582964925637e-15,18.235749290688677,0.0,0.0,561.0
MAR04792,serine_glycine_shmt,GSE126848__steatosis,evaluated,2.9401768376280007e-16,29.120453959246838,0.0,0.0,580.0
MAR06416,bcaa,GSE126848__steatosis,NE,,,,,
MAR06419,bcaa,GSE126848__steatosis,NE,,,,,
MAR06421,bcaa,GSE126848__steatosis,evaluated,-2.188313434808472e-15,13.721949961310292,0.0,0.0,539.0
MAR06923,bcaa,GSE126848__steatosis,NE,,,,,
MAR08426,urea_cycle,GSE126848__steatosis,NE,,,,,
MAR00146,dnl_scd1_fasn,GSE135251__NASH,evaluated,5.215686039090097e-15,36.072308956450286,0.0,0.0,564.0
MAR00636,choline_pc,GSE135251__NASH,NE,,,,,
MAR00638,choline_pc,GSE135251__NASH,NE,,,,,
MAR00653,choline_pc,GSE135251__NASH,NE,,,,,
MAR01603,choline_pc,GSE135251__NASH,NE,,,,,
MAR01606,choline_pc,GSE135251__NASH,evaluated,2.4922915520758995e-15,24.897288414133115,0.0,0.0,593.0
MAR02150,dnl_scd1_fasn,GSE135251__NASH,NE,,,,,
MAR02182,dnl_scd1_fasn,GSE135251__NASH,NE,,,,,
MAR03744,bcaa,GSE135251__NASH,NE,,,,,
MAR03747,bcaa,GSE135251__NASH,NE,,,,,
MAR03765,bcaa,GSE135251__NASH,NE,,,,,
MAR03777,bcaa,GSE135251__NASH,NE,,,,,
MAR03778,bcaa,GSE135251__NASH,NE,,,,,
MAR03809,urea_cycle,GSE135251__NASH,evaluated,4.085307440172711e-15,30.347849904135852,0.0,0.0,567.0
MAR03811,urea_cycle,GSE135251__NASH,evaluated,2.012376279600283e-15,23.637359627499315,0.0,0.0,572.0
MAR03813,urea_cycle,GSE135251__NASH,NE,,,,,
MAR03816,urea_cycle,GSE135251__NASH,evaluated,1.9224922283819897e-15,23.39085182141879,0.0,0.0,547.0
MAR03845,serine_glycine_shmt,GSE135251__NASH,NE,,,,,
MAR03873,urea_cycle,GSE135251__NASH,evaluated,-1.6513993238010604e-14,3.2593809915091754,0.0,0.0,580.0
MAR04792,serine_glycine_shmt,GSE135251__NASH,NE,,,,,
MAR06416,bcaa,GSE135251__NASH,NE,,,,,
MAR06419,bcaa,GSE135251__NASH,NE,,,,,
MAR06421,bcaa,GSE135251__NASH,evaluated,-5.565089958400785e-15,11.038071761161326,0.0,0.0,572.0
MAR06923,bcaa,GSE135251__NASH,NE,,,,,
MAR08426,urea_cycle,GSE135251__NASH,NE,,,,,
MAR00146,dnl_scd1_fasn,GSE135251__healthy,evaluated,9.355267504819923e-15,76.95118767945705,0.0,0.0,559.0
MAR00636,choline_pc,GSE135251__healthy,NE,,,,,
MAR00638,choline_pc,GSE135251__healthy,NE,,,,,
MAR00653,choline_pc,GSE135251__healthy,NE,,,,,
MAR01603,choline_pc,GSE135251__healthy,NE,,,,,
MAR01606,choline_pc,GSE135251__healthy,NE,,,,,
MAR02150,dnl_scd1_fasn,GSE135251__healthy,NE,,,,,
MAR02182,dnl_scd1_fasn,GSE135251__healthy,NE,,,,,
MAR03744,bcaa,GSE135251__healthy,NE,,,,,
MAR03747,bcaa,GSE135251__healthy,NE,,,,,
MAR03765,bcaa,GSE135251__healthy,NE,,,,,
MAR03777,bcaa,GSE135251__healthy,NE,,,,,
MAR03778,bcaa,GSE135251__healthy,NE,,,,,
MAR03809,urea_cycle,GSE135251__healthy,evaluated,4.9930030080439475e-15,30.01827199164709,0.0,0.0,555.0
MAR03811,urea_cycle,GSE135251__healthy,evaluated,7.677420615368526e-15,58.600887496737144,0.0,0.0,559.0
MAR03813,urea_cycle,GSE135251__healthy,NE,,,,,
MAR03816,urea_cycle,GSE135251__healthy,evaluated,4.938523979041831e-15,29.41790655181415,0.0,0.0,564.0
MAR03845,serine_glycine_shmt,GSE135251__healthy,NE,,,,,
MAR03873,urea_cycle,GSE135251__healthy,evaluated,9.916927391184132e-15,81.67580266249021,0.0,0.0,556.0
MAR04792,serine_glycine_shmt,GSE135251__healthy,NE,,,,,
MAR06416,bcaa,GSE135251__healthy,NE,,,,,
MAR06419,bcaa,GSE135251__healthy,NE,,,,,
MAR06421,bcaa,GSE135251__healthy,evaluated,7.23096494342434e-15,53.5108326807622,0.0,0.0,566.0
MAR06923,bcaa,GSE135251__healthy,NE,,,,,
MAR08426,urea_cycle,GSE135251__healthy,NE,,,,,
MAR00146,dnl_scd1_fasn,GSE135251__steatosis,evaluated,7.80734999084755e-15,92.40506329113924,0.0,0.0,577.0
MAR00636,choline_pc,GSE135251__steatosis,NE,,,,,
MAR00638,choline_pc,GSE135251__steatosis,NE,,,,,
MAR00653,choline_pc,GSE135251__steatosis,NE,,,,,
MAR01603,choline_pc,GSE135251__steatosis,NE,,,,,
MAR01606,choline_pc,GSE135251__steatosis,NE,,,,,
MAR02150,dnl_scd1_fasn,GSE135251__steatosis,NE,,,,,
MAR02182,dnl_scd1_fasn,GSE135251__steatosis,NE,,,,,
MAR03744,bcaa,GSE135251__steatosis,NE,,,,,
MAR03747,bcaa,GSE135251__steatosis,NE,,,,,
MAR03765,bcaa,GSE135251__steatosis,NE,,,,,
MAR03777,bcaa,GSE135251__steatosis,NE,,,,,
MAR03778,bcaa,GSE135251__steatosis,NE,,,,,
MAR03809,urea_cycle,GSE135251__steatosis,evaluated,-5.1997088300739136e-15,76.09001406469761,0.0,0.0,563.0
MAR03811,urea_cycle,GSE135251__steatosis,evaluated,-9.26577697599287e-15,63.12236286919831,0.0,0.0,569.0
MAR03813,urea_cycle,GSE135251__steatosis,NE,,,,,
MAR03816,urea_cycle,GSE135251__steatosis,evaluated,-1.431810644890164e-14,43.909985935302394,0.0,0.0,530.0
MAR03845,serine_glycine_shmt,GSE135251__steatosis,NE,,,,,
MAR03873,urea_cycle,GSE135251__steatosis,evaluated,-9.96304488185358e-15,60.703234880450076,0.0,0.0,552.0
MAR04792,serine_glycine_shmt,GSE135251__steatosis,NE,,,,,
MAR06416,bcaa,GSE135251__steatosis,NE,,,,,
MAR06419,bcaa,GSE135251__steatosis,NE,,,,,
MAR06421,bcaa,GSE135251__steatosis,evaluated,-3.852026552838638e-15,80.22503516174402,0.0,0.0,546.0
MAR06923,bcaa,GSE135251__steatosis,NE,,,,,
MAR08426,urea_cycle,GSE135251__steatosis,NE,,,,,
MAR00146,dnl_scd1_fasn,GSE89632__NASH,evaluated,-8.733491530124145e-15,15.46127562642369,0.0,0.0,563.0
MAR00636,choline_pc,GSE89632__NASH,NE,,,,,
MAR00638,choline_pc,GSE89632__NASH,NE,,,,,
MAR00653,choline_pc,GSE89632__NASH,NE,,,,,
MAR01603,choline_pc,GSE89632__NASH,NE,,,,,
MAR01606,choline_pc,GSE89632__NASH,NE,,,,,
MAR02150,dnl_scd1_fasn,GSE89632__NASH,evaluated,-8.825688717862298e-15,14.906036446469248,0.0,0.0,570.0
MAR02182,dnl_scd1_fasn,GSE89632__NASH,evaluated,-4.5149069668089705e-15,44.30523917995444,0.0,0.0,576.0
MAR03744,bcaa,GSE89632__NASH,NE,,,,,
MAR03747,bcaa,GSE89632__NASH,NE,,,,,
MAR03765,bcaa,GSE89632__NASH,NE,,,,,
MAR03777,bcaa,GSE89632__NASH,NE,,,,,
MAR03778,bcaa,GSE89632__NASH,NE,,,,,
MAR03809,urea_cycle,GSE89632__NASH,evaluated,0.0001137957793868,95.70045558086561,2.0,0.0035211267605633,568.0
MAR03811,urea_cycle,GSE89632__NASH,NE,,,,,
MAR03813,urea_cycle,GSE89632__NASH,NE,,,,,
MAR03816,urea_cycle,GSE89632__NASH,evaluated,-9.266823293337554e-15,12.784738041002278,0.0,0.0,549.0
MAR03845,serine_glycine_shmt,GSE89632__NASH,NE,,,,,
MAR03873,urea_cycle,GSE89632__NASH,evaluated,-9.42007414833466e-15,12.215261958997722,0.0,0.0,528.0
MAR04792,serine_glycine_shmt,GSE89632__NASH,evaluated,0.0035386010477964,97.46583143507974,3.0,0.0053956834532374,556.0
MAR06416,bcaa,GSE89632__NASH,NE,,,,,
MAR06419,bcaa,GSE89632__NASH,evaluated,-4.621617098683087e-15,43.28018223234624,0.0,0.0,575.0
MAR06421,bcaa,GSE89632__NASH,evaluated,-3.787819731074064e-15,50.384396355353076,0.0,0.0,544.0
MAR06923,bcaa,GSE89632__NASH,NE,,,,,
MAR08426,urea_cycle,GSE89632__NASH,NE,,,,,
MAR00146,dnl_scd1_fasn,GSE89632__healthy,evaluated,-4.3404010544431275e-13,8.666666666666668,0.0,0.0,560.0
MAR00636,choline_pc,GSE89632__healthy,NE,,,,,
MAR00638,choline_pc,GSE89632__healthy,NE,,,,,
MAR00653,choline_pc,GSE89632__healthy,NE,,,,,
MAR01603,choline_pc,GSE89632__healthy,NE,,,,,
MAR01606,choline_pc,GSE89632__healthy,NE,,,,,
MAR02150,dnl_scd1_fasn,GSE89632__healthy,evaluated,-3.878966242514214e-13,61.05555555555555,0.0,0.0,595.0
MAR02182,dnl_scd1_fasn,GSE89632__healthy,evaluated,1.3311433530695548e-14,73.25,0.0,0.0,553.0
MAR03744,bcaa,GSE89632__healthy,NE,,,,,
MAR03747,bcaa,GSE89632__healthy,NE,,,,,
MAR03765,bcaa,GSE89632__healthy,NE,,,,,
MAR03777,bcaa,GSE89632__healthy,NE,,,,,
MAR03778,bcaa,GSE89632__healthy,NE,,,,,
MAR03809,urea_cycle,GSE89632__healthy,evaluated,8.80514562004708e-05,96.02777777777777,2.0,0.0034782608695652,575.0
MAR03811,urea_cycle,GSE89632__healthy,NE,,,,,
MAR03813,urea_cycle,GSE89632__healthy,NE,,,,,
MAR03816,urea_cycle,GSE89632__healthy,evaluated,-4.1603415058579823e-13,25.38888888888889,0.0,0.0,562.0
MAR03845,serine_glycine_shmt,GSE89632__healthy,NE,,,,,
MAR03873,urea_cycle,GSE89632__healthy,evaluated,7.254868331827929e-07,95.72222222222221,1.0,0.0017889087656529,559.0
MAR04792,serine_glycine_shmt,GSE89632__healthy,evaluated,-4.214674516356894e-13,19.02777777777778,0.0,0.0,547.0
MAR06416,bcaa,GSE89632__healthy,NE,,,,,
MAR06419,bcaa,GSE89632__healthy,evaluated,-4.092886130076285e-13,34.36111111111111,0.0,0.0,533.0
MAR06421,bcaa,GSE89632__healthy,evaluated,-3.826477955275496e-13,64.77777777777777,0.0,0.0,571.0
MAR06923,bcaa,GSE89632__healthy,NE,,,,,
MAR08426,urea_cycle,GSE89632__healthy,NE,,,,,
MAR00146,dnl_scd1_fasn,GSE89632__steatosis,evaluated,-2.0301221021717147e-15,56.02601156069365,0.0,0.0,560.0
MAR00636,choline_pc,GSE89632__steatosis,NE,,,,,
MAR00638,choline_pc,GSE89632__steatosis,NE,,,,,
MAR00653,choline_pc,GSE89632__steatosis,NE,,,,,
MAR01603,choline_pc,GSE89632__steatosis,NE,,,,,
MAR01606,choline_pc,GSE89632__steatosis,NE,,,,,
MAR02150,dnl_scd1_fasn,GSE89632__steatosis,evaluated,-9.639145640156397e-16,66.04046242774567,0.0,0.0,516.0
MAR02182,dnl_scd1_fasn,GSE89632__steatosis,evaluated,5.889183035128759e-16,80.23121387283237,0.0,0.0,555.0
MAR03744,bcaa,GSE89632__steatosis,NE,,,,,
MAR03747,bcaa,GSE89632__steatosis,NE,,,,,
MAR03765,bcaa,GSE89632__steatosis,NE,,,,,
MAR03777,bcaa,GSE89632__steatosis,NE,,,,,
MAR03778,bcaa,GSE89632__steatosis,NE,,,,,
MAR03809,urea_cycle,GSE89632__steatosis,evaluated,5.731019876021247e-15,95.02890173410404,0.0,0.0,548.0
MAR03811,urea_cycle,GSE89632__steatosis,NE,,,,,
MAR03813,urea_cycle,GSE89632__steatosis,NE,,,,,
MAR03816,urea_cycle,GSE89632__steatosis,evaluated,1.231443216222014e-16,75.98265895953757,0.0,0.0,577.0
MAR03845,serine_glycine_shmt,GSE89632__steatosis,NE,,,,,
MAR03873,urea_cycle,GSE89632__steatosis,evaluated,1.6699036858477442e-14,95.98265895953757,0.0,0.0,554.0
MAR04792,serine_glycine_shmt,GSE89632__steatosis,evaluated,0.0002437929146469,97.22543352601156,1.0,0.0017513134851138,571.0
MAR06416,bcaa,GSE89632__steatosis,NE,,,,,
MAR06419,bcaa,GSE89632__steatosis,evaluated,-3.7811024152948204e-15,41.040462427745666,0.0,0.0,560.0
MAR06421,bcaa,GSE89632__steatosis,evaluated,-6.574785241641729e-15,26.502890173410403,0.0,0.0,549.0
MAR06923,bcaa,GSE89632__steatosis,NE,,,,,
MAR08426,urea_cycle,GSE89632__steatosis,NE,,,,,
