group,n_biomarker_reactions_evaluated,n_biomarker_reactions_NE,biomarker_mean_PR_objective,biomarker_median_PR_objective,biomarker_mean_pct_rank,full_network_mean_PR_objective,full_network_median_PR_objective,full_network_n,mannwhitney_U,mannwhitney_p_two_sided
GSE126848__NASH,10,15,-5.25295478700198e-15,-4.947146016825545e-15,40.585740789822424,0.005680519964037426,-3.546146740392367e-15,3773,15308.0,0.30250095692161616
GSE126848__healthy,9,16,6.906970207257024e-13,6.875432511848636e-13,42.47871333964049,0.001858840104518332,9.97203701019371e-13,4228,16159.5,0.4343300858613576
GSE126848__obese_no_NAFLD,8,17,6.095118453319707e-14,6.137797341084066e-14,33.86447145279819,0.004318439971595742,1.1072572449633443e-13,3538,9581.0,0.11407125024231764
GSE126848__steatosis,11,14,4.675715228246936e-16,1.6210100435591638e-15,47.50158276080381,0.004142912761827492,2.086724019518509e-15,3877,20252.5,0.7733865343169628
GSE135251__NASH,7,18,-9.072756652986298e-16,2.012376279600283e-15,21.806158782329693,0.00361716415226822,7.377219660897215e-15,3651,5569.5,0.009815658597273532
GSE135251__healthy,6,19,7.35201790698045e-15,7.454192779396433e-15,55.029148177151306,0.004912854374591616,6.903854950293172e-15,3831,12646.0,0.6707949774926555
GSE135251__steatosis,6,19,-5.798552283135516e-15,-7.232742903033392e-15,69.40928270042194,0.005187287906206861,-1.3037247324000404e-14,3555,14802.0,0.10019226681224304
GSE89632__NASH,9,16,0.0004058218696815588,-4.621617098683087e-15,42.944824095165785,0.004387323788069986,-3.83426938201936e-15,3512,13569.5,0.4632736125720799
GSE89632__healthy,9,16,9.864104510621143e-06,-3.878966242514214e-13,53.141975308641975,0.00392326021619016,-3.9864088972537486e-13,3600,17213.5,0.7455825620073806
GSE89632__steatosis,9,16,2.7088101628521352e-05,1.231443216222014e-16,70.45118818240205,0.004598807928890991,-2.7288123076918796e-15,3460,21934.0,0.03395388417036506
