group,PR_objective_se_mean,PR_objective_se_median,PR_objective_se_max,occ_obj_jeffreys_width_mean,occ_obj_jeffreys_width_median,occ_flip_jeffreys_width_mean,occ_flip_jeffreys_width_median,monte_carlo_uncertainty_scope
GSE126848__NASH,0.0006666303906311075,6.6157138666877116e-15,0.1366976000445331,0.005550204679160205,0.0044815547696428,0.004716716738126166,0.0044735734878779,"SE/CI reflect background-sampling (Monte Carlo) variance conditional on the fixed, already-constructed context-specific group model (fixed active_set, fixed growth_support, fixed consensus algorithm output). Does NOT capture model-construction, consensus-algorithm, or cross-cohort uncertainty."
GSE126848__healthy,0.00031610517179179467,7.512511668159323e-13,0.059148347107057,0.005523439271106362,0.0044815547696428,0.004764196779373846,0.0044735734878779,"SE/CI reflect background-sampling (Monte Carlo) variance conditional on the fixed, already-constructed context-specific group model (fixed active_set, fixed growth_support, fixed consensus algorithm output). Does NOT capture model-construction, consensus-algorithm, or cross-cohort uncertainty."
GSE126848__obese_no_NAFLD,0.0005081875343478605,1.0162934358390067e-13,0.121111190011429,0.005335391657758484,0.0044815547696428,0.0047166119839207035,0.0044735734878779,"SE/CI reflect background-sampling (Monte Carlo) variance conditional on the fixed, already-constructed context-specific group model (fixed active_set, fixed growth_support, fixed consensus algorithm output). Does NOT capture model-construction, consensus-algorithm, or cross-cohort uncertainty."
GSE126848__steatosis,0.00029771145984049124,3.201621180885329e-15,0.1547093412395542,0.005254910685987988,0.0044815547696428,0.004559159861129728,0.0044735734878779,"SE/CI reflect background-sampling (Monte Carlo) variance conditional on the fixed, already-constructed context-specific group model (fixed active_set, fixed growth_support, fixed consensus algorithm output). Does NOT capture model-construction, consensus-algorithm, or cross-cohort uncertainty."
GSE135251__NASH,0.00039249407112207195,5.627512444083961e-15,0.1347645022515315,0.0053171945399448665,0.0044815547696428,0.004664645517172579,0.0044735734878779,"SE/CI reflect background-sampling (Monte Carlo) variance conditional on the fixed, already-constructed context-specific group model (fixed active_set, fixed growth_support, fixed consensus algorithm output). Does NOT capture model-construction, consensus-algorithm, or cross-cohort uncertainty."
GSE135251__healthy,0.000590151055061505,4.746903514435358e-15,0.1593541739383748,0.005575534450656201,0.0044815547696428,0.004707134636521217,0.0044735734878779,"SE/CI reflect background-sampling (Monte Carlo) variance conditional on the fixed, already-constructed context-specific group model (fixed active_set, fixed growth_support, fixed consensus algorithm output). Does NOT capture model-construction, consensus-algorithm, or cross-cohort uncertainty."
GSE135251__steatosis,0.000458770561870575,1.2231510096950044e-14,0.1644910483263069,0.005458718225738791,0.0044815547696428,0.004657199570718268,0.0044735734878779,"SE/CI reflect background-sampling (Monte Carlo) variance conditional on the fixed, already-constructed context-specific group model (fixed active_set, fixed growth_support, fixed consensus algorithm output). Does NOT capture model-construction, consensus-algorithm, or cross-cohort uncertainty."
GSE89632__NASH,0.0005165299188311718,7.286511449525248e-15,0.126548916398515,0.005445434747437475,0.0044815547696428,0.004629996711105188,0.0044735734878779,"SE/CI reflect background-sampling (Monte Carlo) variance conditional on the fixed, already-constructed context-specific group model (fixed active_set, fixed growth_support, fixed consensus algorithm output). Does NOT capture model-construction, consensus-algorithm, or cross-cohort uncertainty."
GSE89632__healthy,0.0005258217541654011,4.324449496720345e-13,0.1024073906755262,0.005385898440520262,0.0044815547696428,0.004820705655212644,0.0044735734878779,"SE/CI reflect background-sampling (Monte Carlo) variance conditional on the fixed, already-constructed context-specific group model (fixed active_set, fixed growth_support, fixed consensus algorithm output). Does NOT capture model-construction, consensus-algorithm, or cross-cohort uncertainty."
GSE89632__steatosis,0.0004920241821789367,3.957161994602653e-15,0.118316686962395,0.005282985095700297,0.0044735734878779,0.00469694733906591,0.0044735734878779,"SE/CI reflect background-sampling (Monte Carlo) variance conditional on the fixed, already-constructed context-specific group model (fixed active_set, fixed growth_support, fixed consensus algorithm output). Does NOT capture model-construction, consensus-algorithm, or cross-cohort uncertainty."
