group,reaction_id,PR_objective,PR_objective_pilot
GSE126848__obese_no_NAFLD,MAR08966,1.9059691716754943,2.356503434128236
GSE126848__obese_no_NAFLD,MAR07819,1.8856568892064751,2.3859346293219272
GSE126848__obese_no_NAFLD,MAR08998,1.882313525927877,2.2227101495561223
GSE126848__obese_no_NAFLD,MAR00377,0.0001444238678563,0.0001233215103217031
GSE126848__obese_no_NAFLD,MAR03029,6.979929851456811e-05,-8.096882337731376e-15
GSE126848__obese_no_NAFLD,MAR01648,2.9559841035561774e-05,-7.218949072827743e-15
GSE126848__obese_no_NAFLD,MAR02727,2.4410418536836443e-05,5.1312496183683156e-05
GSE126848__obese_no_NAFLD,MAR03429,2.3571724122158237e-05,5.377532018275464e-05
GSE126848__obese_no_NAFLD,MAR03302,1.2219279235223425e-13,-2.2685925536304377e-14
GSE126848__obese_no_NAFLD,MAR00345,1.2056140281850078e-13,-1.6761167472434074e-14
GSE126848__obese_no_NAFLD,MAR02580,1.1934034230994234e-13,-9.477411996484102e-15
GSE126848__obese_no_NAFLD,MAR12748,1.190224150414263e-13,-7.62597148636298e-15
GSE126848__obese_no_NAFLD,MAR03920,1.1895107769823282e-13,-1.4113417420213803e-14
GSE126848__obese_no_NAFLD,MAR04504,1.1894148891867614e-13,-1.0231857601226153e-14
GSE126848__obese_no_NAFLD,MAR03873,1.17368272910518e-13,-1.0139205330509296e-14
GSE126848__obese_no_NAFLD,MAR08757,1.1698936029627566e-13,-1.0136885577198897e-14
GSE126848__obese_no_NAFLD,MAR04994,1.1674611894502758e-13,-8.27057296206455e-15
GSE126848__obese_no_NAFLD,MAR12265,1.1621264493311516e-13,-1.386013810844862e-14
GSE126848__obese_no_NAFLD,MAR02665,1.1381193327368646e-13,-1.1227284192262559e-14
GSE126848__obese_no_NAFLD,MAR02061,1.1378400595898493e-13,-2.2694646313472064e-14
GSE126848__obese_no_NAFLD,MAR01155,1.1223778813527165e-13,-1.0569232471405987e-14
GSE126848__obese_no_NAFLD,MAR01040,1.1205851061883248e-13,-1.3474964655151266e-14
GSE126848__obese_no_NAFLD,MAR12651,1.1091584816176451e-13,-1.6602024955463206e-14
GSE126848__obese_no_NAFLD,MAR05006,1.1088469735523817e-13,-1.303804768996091e-14
GSE126848__obese_no_NAFLD,MAR03816,1.1018598847608269e-13,-1.246700636698032e-14
GSE126848__obese_no_NAFLD,MAR06499,1.0958093333158363e-13,-1.1668149747414083e-14
GSE126848__obese_no_NAFLD,MAR03811,1.0867428169479933e-13,-1.6387084089878506e-14
GSE126848__obese_no_NAFLD,MAR02709,1.0853725970635121e-13,-6.128002978783808e-15
GSE126848__obese_no_NAFLD,MAR03723,1.0763177788644299e-13,-1.91362077699027e-14
GSE126848__obese_no_NAFLD,MAR02546,1.0719482855316045e-13,-9.246375955705316e-15
GSE126848__obese_no_NAFLD,MAR06186,1.0713917428628406e-13,-1.3374155455557868e-14
GSE126848__obese_no_NAFLD,MAR06127,1.0681867419493669e-13,-1.2113442762239108e-14
GSE126848__obese_no_NAFLD,MAR02497,1.0569166549207559e-13,-1.290072486608278e-14
GSE126848__obese_no_NAFLD,MAR07793,1.0316216177869363e-13,-1.9335361756682687e-14
GSE126848__obese_no_NAFLD,MAR03732,1.5712001340047287e-14,-1.6126925013880927e-14
GSE126848__obese_no_NAFLD,MAR01296,1.4748959368789692e-14,-1.7507644039375352e-14
GSE126848__obese_no_NAFLD,MAR00948,1.4643801901865863e-14,-1.2638020746398406e-15
GSE126848__obese_no_NAFLD,MAR03809,1.16544046606154e-14,-1.1259010509170717e-14
GSE126848__obese_no_NAFLD,MAR01232,1.0901117757502462e-14,-2.0146312106290392e-14
GSE126848__obese_no_NAFLD,MAR06166,9.257070853212572e-15,-5.904042128661226e-15
GSE126848__obese_no_NAFLD,MAR08905,7.203772372931121e-15,-2.520141340576028e-14
GSE126848__obese_no_NAFLD,MAR03233,5.9422613132962105e-15,-1.8665879395656243e-14
GSE126848__obese_no_NAFLD,MAR09289,5.5293143800967805e-15,-3.768855755175867e-15
GSE126848__obese_no_NAFLD,MAR00146,5.498546259062259e-15,-7.335909245938385e-15
GSE135251__healthy,MAR04994,0.0038833433199265,0.00436751718641175
GSE135251__healthy,MAR03029,0.0022207971350877,0.00154461190152575
GSE135251__healthy,MAR04504,0.0003668534297815,0.0002847632168001171
GSE135251__healthy,MAR01648,0.0003307279619865,0.00012089723434978137
GSE135251__healthy,MAR00377,0.0002858264473818,0.000302729419521975
GSE135251__healthy,MAR03429,4.469368716990437e-05,8.007560078586247e-05
GSE135251__healthy,MAR02727,3.340384675131803e-06,2.0370403370774753e-05
GSE135251__healthy,MAR03873,9.916927391184132e-15,8.696848416460952e-16
GSE135251__healthy,MAR06127,9.81412618453177e-15,-1.9613290075592754e-15
GSE135251__healthy,MAR00345,9.621932880084692e-15,3.9478696332549423e-16
GSE135251__healthy,MAR02709,9.526245149785506e-15,-9.72108930683428e-16
GSE135251__healthy,MAR01155,9.440426453915111e-15,1.981976196751132e-15
GSE135251__healthy,MAR00146,9.355267504819923e-15,-5.705809202091332e-16
GSE135251__healthy,MAR01232,9.192246563527064e-15,1.1943135783474638e-15
GSE135251__healthy,MAR05006,9.007251780453316e-15,1.3683026740122914e-15
GSE135251__healthy,MAR01040,7.758358520191365e-15,-2.2978161301326255e-15
GSE135251__healthy,MAR03811,7.677420615368526e-15,-2.4885400929606423e-15
GSE135251__healthy,MAR03302,7.544671957889063e-15,1.3883004250069321e-15
GSE135251__healthy,MAR02061,7.277531134428707e-15,9.705559618304619e-16
GSE135251__healthy,MAR09289,6.929051501206651e-15,-2.7128540797782393e-15
GSE135251__healthy,MAR02546,6.833635054304791e-15,-2.1715969911754323e-16
GSE135251__healthy,MAR06499,6.591631023100754e-15,3.4364507783635355e-16
GSE135251__healthy,MAR06186,5.882058125596657e-15,-8.636434053812494e-16
GSE135251__healthy,MAR03920,5.694331942119608e-15,1.0488905260723821e-16
GSE135251__healthy,MAR00948,5.508839049117758e-15,7.415630993063268e-17
GSE135251__healthy,MAR02665,5.058542779356311e-15,-2.3517801197592658e-15
GSE135251__healthy,MAR03809,4.9930030080439475e-15,-1.1231625252799074e-15
GSE135251__healthy,MAR03816,4.938523979041831e-15,-1.3781441219262642e-15
GSE135251__healthy,MAR03233,4.76214812264748e-15,1.1037467524674721e-15
GSE135251__healthy,MAR06166,4.7369515717340026e-15,1.6712119784454577e-16
GSE135251__healthy,MAR08905,4.70173260094044e-15,-8.455192806234052e-16
GSE135251__healthy,MAR07793,4.22484869911411e-15,1.1030988608147282e-15
GSE135251__healthy,MAR08757,3.668193855740478e-15,1.4872002726623406e-16
GSE135251__healthy,MAR02580,3.293067937569092e-15,-3.4167966251972357e-16
GSE135251__healthy,MAR07819,2.5860742679607885e-15,2.399804830653578e-17
GSE135251__healthy,MAR01296,2.377088425088335e-15,3.3727014382850845e-17
GSE135251__healthy,MAR08966,-5.181040781584064e-16,-2.327543301363826e-15
GSE135251__healthy,MAR12748,-7.63800966411223e-15,-3.912556350141582e-16
GSE135251__healthy,MAR12265,-9.662397756184064e-15,-5.471328535469378e-16
GSE135251__healthy,MAR12651,-1.0813145996209552e-14,1.7835713577508298e-16
