sample,title,characteristics,disease_group,fibrosis_stage
GSM3998167,Liver patient 97,nas score: 4 | fibrosis stage: 2 | group in paper: NASH_F2 | disease: NAFLD | Stage: early,NASH,F2
GSM3998168,Liver patient 98,nas score: 7 | fibrosis stage: 3 | group in paper: NASH_F3 | disease: NAFLD | Stage: moderate,NASH,F3
GSM3998169,Liver patient 101,nas score: 7 | fibrosis stage: 2 | group in paper: NASH_F2 | disease: NAFLD | Stage: early,NASH,F2
GSM3998170,Liver patient 102,nas score: 6 | fibrosis stage: 3 | group in paper: NASH_F3 | disease: NAFLD | Stage: moderate,NASH,F3
GSM3998171,Liver patient 105,nas score: 5 | fibrosis stage: 0 | group in paper: NASH_F0-F1 | disease: NAFLD | Stage: early,NASH,F0-F1
GSM3998172,Liver patient 106,nas score: 5 | fibrosis stage: 1 | group in paper: NASH_F0-F1 | disease: NAFLD | Stage: early,NASH,F0-F1
GSM3998173,Liver patient 108,nas score: 6 | fibrosis stage: 3 | group in paper: NASH_F3 | disease: NAFLD | Stage: moderate,NASH,F3
GSM3998174,Liver patient 110,nas score: 6 | fibrosis stage: 2 | group in paper: NASH_F2 | disease: NAFLD | Stage: early,NASH,F2
GSM3998175,Liver patient 112,nas score: 2 | fibrosis stage: 0 | group in paper: NAFL | disease: NAFLD | Stage: early,steatosis,none
GSM3998176,Liver patient 114,nas score: 5 | fibrosis stage: 2 | group in paper: NASH_F2 | disease: NAFLD | Stage: early,NASH,F2
GSM3998177,Liver patient 115,nas score: 1 | fibrosis stage: 1 | group in paper: NAFL | disease: NAFLD | Stage: early,steatosis,none
GSM3998178,Liver patient 116,nas score: 5 | fibrosis stage: 2 | group in paper: NASH_F2 | disease: NAFLD | Stage: early,NASH,F2
GSM3998179,Liver patient 117,nas score: 8 | fibrosis stage: 3 | group in paper: NASH_F3 | disease: NAFLD | Stage: moderate,NASH,F3
GSM3998180,Liver patient 118,nas score: 5 | fibrosis stage: 2 | group in paper: NASH_F2 | disease: NAFLD | Stage: early,NASH,F2
GSM3998181,Liver patient 119,nas score: 4 | fibrosis stage: 1 | group in paper: NASH_F0-F1 | disease: NAFLD | Stage: early,NASH,F0-F1
GSM3998182,Liver patient 120,nas score: 3 | fibrosis stage: 2 | group in paper: NASH_F2 | disease: NAFLD | Stage: early,NASH,F2
GSM3998183,Liver patient 6,nas score: 6 | fibrosis stage: 1 | group in paper: NASH_F0-F1 | disease: NAFLD | Stage: early,NASH,F0-F1
GSM3998184,Liver patient 7,nas score: 5 | fibrosis stage: 2 | group in paper: NASH_F2 | disease: NAFLD | Stage: early,NASH,F2
GSM3998185,Liver patient 8,nas score: 6 | fibrosis stage: 3 | group in paper: NASH_F3 | disease: NAFLD | Stage: moderate,NASH,F3
GSM3998186,Liver patient 9,nas score: 3 | fibrosis stage: 2 | group in paper: NASH_F2 | disease: NAFLD | Stage: early,NASH,F2
GSM3998187,Liver patient 12,nas score: 8 | fibrosis stage: 2 | group in paper: NASH_F2 | disease: NAFLD | Stage: early,NASH,F2
GSM3998188,Liver patient 14,nas score: 7 | fibrosis stage: 3 | group in paper: NASH_F3 | disease: NAFLD | Stage: moderate,NASH,F3
GSM3998189,Liver patient 15,nas score: 5 | fibrosis stage: 0 | group in paper: NAFL | disease: NAFLD | Stage: early,steatosis,none
GSM3998190,Liver patient 10,nas score: 6 | fibrosis stage: 3 | group in paper: NASH_F3 | disease: NAFLD | Stage: moderate,NASH,F3
GSM3998191,Liver patient 78,nas score: 6 | fibrosis stage: 4 | group in paper: NASH_F4 | disease: NAFLD | Stage: moderate,NASH,F4
GSM3998192,Liver patient 83,nas score: 2 | fibrosis stage: 1 | group in paper: NAFL | disease: NAFLD | Stage: early,steatosis,none
GSM3998193,Liver patient 71,nas score: 5 | fibrosis stage: 3 | group in paper: NASH_F3 | disease: NAFLD | Stage: moderate,NASH,F3
GSM3998194,Liver patient 84,nas score: 3 | fibrosis stage: 1 | group in paper: NAFL | disease: NAFLD | Stage: early,steatosis,none
GSM3998195,Liver patient 2,nas score: 5 | fibrosis stage: 3 | group in paper: NASH_F3 | disease: NAFLD | Stage: moderate,NASH,F3
GSM3998196,Liver patient 3,nas score: 4 | fibrosis stage: 1 | group in paper: NAFL | disease: NAFLD | Stage: early,steatosis,none
GSM3998197,Liver patient 203,nas score: 2 | fibrosis stage: 1 | group in paper: NAFL | disease: NAFLD | Stage: early,steatosis,none
GSM3998198,Liver patient 205,nas score: 2 | fibrosis stage: 1 | group in paper: NAFL | disease: NAFLD | Stage: early,steatosis,none
GSM3998199,Liver patient 166,nas score: 5 | fibrosis stage: 2 | group in paper: NASH_F2 | disease: NAFLD | Stage: early,NASH,F2
GSM3998200,Liver patient 167,nas score: 4 | fibrosis stage: 3 | group in paper: NASH_F3 | disease: NAFLD | Stage: moderate,NASH,F3
GSM3998201,Liver patient 168,nas score: 8 | fibrosis stage: 4 | group in paper: NASH_F4 | disease: NAFLD | Stage: moderate,NASH,F4
GSM3998202,Liver patient 169,nas score: 5 | fibrosis stage: 0 | group in paper: NAFL | disease: NAFLD | Stage: early,steatosis,none
GSM3998203,Liver patient 170,nas score: 4 | fibrosis stage: 3 | group in paper: NASH_F3 | disease: NAFLD | Stage: moderate,NASH,F3
GSM3998204,Liver patient 171,nas score: 6 | fibrosis stage: 1 | group in paper: NASH_F0-F1 | disease: NAFLD | Stage: early,NASH,F0-F1
GSM3998205,Liver patient 172,nas score: 3 | fibrosis stage: 1 | group in paper: NAFL | disease: NAFLD | Stage: early,steatosis,none
GSM3998206,Liver patient 173,nas score: 6 | fibrosis stage: 0 | group in paper: NASH_F0-F1 | disease: NAFLD | Stage: early,NASH,F0-F1
GSM3998207,Liver patient 174,nas score: 6 | fibrosis stage: 3 | group in paper: NASH_F3 | disease: NAFLD | Stage: moderate,NASH,F3
GSM3998208,Liver patient 175,nas score: 5 | fibrosis stage: 4 | group in paper: NASH_F4 | disease: NAFLD | Stage: moderate,NASH,F4
GSM3998209,Liver patient 176,nas score: 8 | fibrosis stage: 3 | group in paper: NASH_F3 | disease: NAFLD | Stage: moderate,NASH,F3
GSM3998210,Liver patient 177,nas score: 5 | fibrosis stage: 3 | group in paper: NASH_F3 | disease: NAFLD | Stage: moderate,NASH,F3
GSM3998211,Liver patient 123,nas score: 5 | fibrosis stage: 2 | group in paper: NASH_F2 | disease: NAFLD | Stage: early,NASH,F2
GSM3998212,Liver patient 124,nas score: 5 | fibrosis stage: 1 | group in paper: NASH_F0-F1 | disease: NAFLD | Stage: early,NASH,F0-F1
GSM3998213,Liver patient 195,nas score: 4 | fibrosis stage: 0 | group in paper: NAFL | disease: NAFLD | Stage: early,steatosis,none
GSM3998214,Liver patient 127,nas score: 6 | fibrosis stage: 4 | group in paper: NASH_F4 | disease: NAFLD | Stage: moderate,NASH,F4
GSM3998215,Liver patient 178,nas score: 7 | fibrosis stage: 2 | group in paper: NASH_F2 | disease: NAFLD | Stage: early,NASH,F2
GSM3998216,Liver control sample 2,nas score: 0 | fibrosis stage: 0 | group in paper: control | disease: Control | Stage: control,healthy,none
GSM3998217,Liver control sample 3,nas score: 0 | fibrosis stage: 0 | group in paper: control | disease: Control | Stage: control,healthy,none
GSM3998218,Liver control sample 5,nas score: 0 | fibrosis stage: 0 | group in paper: control | disease: Control | Stage: control,healthy,none
GSM3998219,Liver patient 196,nas score: 2 | fibrosis stage: 0 | group in paper: NAFL | disease: NAFLD | Stage: early,steatosis,none
GSM3998220,Liver control sample 6,nas score: 0 | fibrosis stage: 0 | group in paper: control | disease: Control | Stage: control,healthy,none
GSM3998221,Liver control sample 7,nas score: 0 | fibrosis stage: 0 | group in paper: control | disease: Control | Stage: control,healthy,none
GSM3998222,Liver control sample 8,nas score: 0 | fibrosis stage: 0 | group in paper: control | disease: Control | Stage: control,healthy,none
GSM3998223,Liver control sample 9,nas score: 0 | fibrosis stage: 0 | group in paper: control | disease: Control | Stage: control,healthy,none
GSM3998224,Liver control sample 10,nas score: 0 | fibrosis stage: 1 | group in paper: control | disease: Control | Stage: control,healthy,none
GSM3998225,Liver patient 21,nas score: 6 | fibrosis stage: 3 | group in paper: NASH_F3 | disease: NAFLD | Stage: moderate,NASH,F3
GSM3998226,Liver patient 197,nas score: 7 | fibrosis stage: 4 | group in paper: NASH_F4 | disease: NAFLD | Stage: moderate,NASH,F4
GSM3998227,Liver patient 23,nas score: 3 | fibrosis stage: 4 | group in paper: NASH_F4 | disease: NAFLD | Stage: moderate,NASH,F4
GSM3998228,Liver patient 198,nas score: 7 | fibrosis stage: 1 | group in paper: NASH_F0-F1 | disease: NAFLD | Stage: early,NASH,F0-F1
GSM3998229,Liver patient 46,nas score: 5 | fibrosis stage: 3 | group in paper: NASH_F3 | disease: NAFLD | Stage: moderate,NASH,F3
GSM3998230,Liver patient 90,nas score: 3 | fibrosis stage: 4 | group in paper: NASH_F4 | disease: NAFLD | Stage: moderate,NASH,F4
GSM3998231,Liver patient 79,nas score: 3 | fibrosis stage: 1 | group in paper: NASH_F0-F1 | disease: NAFLD | Stage: early,NASH,F0-F1
GSM3998232,Liver patient 202,nas score: 1 | fibrosis stage: 1 | group in paper: NAFL | disease: NAFLD | Stage: early,steatosis,none
GSM3998233,Liver patient 75,nas score: 4 | fibrosis stage: 3 | group in paper: NASH_F3 | disease: NAFLD | Stage: moderate,NASH,F3
GSM3998234,Liver patient 77,nas score: 6 | fibrosis stage: 1 | group in paper: NASH_F0-F1 | disease: NAFLD | Stage: early,NASH,F0-F1
GSM3998235,Liver patient 81,nas score: 4 | fibrosis stage: 2 | group in paper: NASH_F2 | disease: NAFLD | Stage: early,NASH,F2
GSM3998236,Liver patient 82,nas score: 3 | fibrosis stage: 1 | group in paper: NAFL | disease: NAFLD | Stage: early,steatosis,none
GSM3998237,Liver patient 70,nas score: 4 | fibrosis stage: 2 | group in paper: NASH_F2 | disease: NAFLD | Stage: early,NASH,F2
GSM3998238,Liver patient 121,nas score: 4 | fibrosis stage: 2 | group in paper: NASH_F2 | disease: NAFLD | Stage: early,NASH,F2
GSM3998239,Liver patient 72,nas score: 5 | fibrosis stage: 3 | group in paper: NASH_F3 | disease: NAFLD | Stage: moderate,NASH,F3
GSM3998240,Liver patient 73,nas score: 4 | fibrosis stage: 2 | group in paper: NASH_F2 | disease: NAFLD | Stage: early,NASH,F2
GSM3998241,Liver patient 74,nas score: 6 | fibrosis stage: 3 | group in paper: NASH_F3 | disease: NAFLD | Stage: moderate,NASH,F3
GSM3998242,Liver patient 189,nas score: 5 | fibrosis stage: 4 | group in paper: NASH_F4 | disease: NAFLD | Stage: moderate,NASH,F4
GSM3998243,Liver patient 85,nas score: 4 | fibrosis stage: 2 | group in paper: NASH_F2 | disease: NAFLD | Stage: early,NASH,F2
GSM3998244,Liver patient 80,nas score: 3 | fibrosis stage: 0 | group in paper: NAFL | disease: NAFLD | Stage: early,steatosis,none
GSM3998245,Liver patient 86,nas score: 4 | fibrosis stage: 2 | group in paper: NASH_F2 | disease: NAFLD | Stage: early,NASH,F2
GSM3998246,Liver patient 89,nas score: 5 | fibrosis stage: 2 | group in paper: NASH_F2 | disease: NAFLD | Stage: early,NASH,F2
GSM3998247,Liver patient 204,nas score: 4 | fibrosis stage: 0 | group in paper: NAFL | disease: NAFLD | Stage: early,steatosis,none
GSM3998248,Liver patient 51,nas score: 7 | fibrosis stage: 2 | group in paper: NASH_F2 | disease: NAFLD | Stage: early,NASH,F2
GSM3998249,Liver patient 87,nas score: 2 | fibrosis stage: 0 | group in paper: NAFL | disease: NAFLD | Stage: early,steatosis,none
GSM3998250,Liver patient 88,nas score: 5 | fibrosis stage: 4 | group in paper: NASH_F4 | disease: NAFLD | Stage: moderate,NASH,F4
GSM3998251,Liver patient 30,nas score: 5 | fibrosis stage: 3 | group in paper: NASH_F3 | disease: NAFLD | Stage: moderate,NASH,F3
GSM3998252,Liver patient 44,nas score: 4 | fibrosis stage: 2 | group in paper: NASH_F2 | disease: NAFLD | Stage: early,NASH,F2
GSM3998253,Liver patient 57,nas score: 8 | fibrosis stage: 3 | group in paper: NASH_F3 | disease: NAFLD | Stage: moderate,NASH,F3
GSM3998254,Liver patient 5,nas score: 4 | fibrosis stage: 0 | group in paper: NAFL | disease: NAFLD | Stage: early,steatosis,none
GSM3998255,Liver patient 40,nas score: 5 | fibrosis stage: 1 | group in paper: NASH_F0-F1 | disease: NAFLD | Stage: early,NASH,F0-F1
GSM3998256,Liver patient 58,nas score: 6 | fibrosis stage: 2 | group in paper: NASH_F2 | disease: NAFLD | Stage: early,NASH,F2
GSM3998257,Liver patient 59,nas score: 7 | fibrosis stage: 2 | group in paper: NASH_F2 | disease: NAFLD | Stage: early,NASH,F2
GSM3998258,Liver patient 32,nas score: 2 | fibrosis stage: 4 | group in paper: NASH_F4 | disease: NAFLD | Stage: moderate,NASH,F4
GSM3998259,Liver patient 188,nas score: 6 | fibrosis stage: 2 | group in paper: NASH_F2 | disease: NAFLD | Stage: early,NASH,F2
GSM3998260,Liver patient 187,nas score: 3 | fibrosis stage: 2 | group in paper: NASH_F2 | disease: NAFLD | Stage: early,NASH,F2
GSM3998261,Liver patient 13,nas score: 7 | fibrosis stage: 3 | group in paper: NASH_F3 | disease: NAFLD | Stage: moderate,NASH,F3
GSM3998262,Liver patient 24,nas score: 4 | fibrosis stage: 3 | group in paper: NASH_F3 | disease: NAFLD | Stage: moderate,NASH,F3
GSM3998263,Liver patient 28,nas score: 6 | fibrosis stage: 2 | group in paper: NASH_F2 | disease: NAFLD | Stage: early,NASH,F2
GSM3998264,Liver patient 29,nas score: 6 | fibrosis stage: 2 | group in paper: NASH_F2 | disease: NAFLD | Stage: early,NASH,F2
GSM3998265,Liver patient 34,nas score: 3 | fibrosis stage: 3 | group in paper: NASH_F3 | disease: NAFLD | Stage: moderate,NASH,F3
GSM3998266,Liver patient 36,nas score: 3 | fibrosis stage: 0 | group in paper: NASH_F0-F1 | disease: NAFLD | Stage: early,NASH,F0-F1
GSM3998267,Liver patient 42,nas score: 2 | fibrosis stage: 0 | group in paper: NAFL | disease: NAFLD | Stage: early,steatosis,none
GSM3998268,Liver patient 186,nas score: 5 | fibrosis stage: 3 | group in paper: NASH_F3 | disease: NAFLD | Stage: moderate,NASH,F3
GSM3998269,Liver patient 113,nas score: 5 | fibrosis stage: 2 | group in paper: NASH_F2 | disease: NAFLD | Stage: early,NASH,F2
GSM3998270,Liver patient 31,nas score: 4 | fibrosis stage: 0 | group in paper: NAFL | disease: NAFLD | Stage: early,steatosis,none
GSM3998271,Liver patient 33,nas score: 6 | fibrosis stage: 1 | group in paper: NASH_F0-F1 | disease: NAFLD | Stage: early,NASH,F0-F1
GSM3998272,Liver patient 35,nas score: 3 | fibrosis stage: 0 | group in paper: NAFL | disease: NAFLD | Stage: early,steatosis,none
GSM3998273,Liver patient 37,nas score: 6 | fibrosis stage: 1 | group in paper: NASH_F0-F1 | disease: NAFLD | Stage: early,NASH,F0-F1
GSM3998274,Liver patient 38,nas score: 6 | fibrosis stage: 3 | group in paper: NASH_F3 | disease: NAFLD | Stage: moderate,NASH,F3
GSM3998275,Liver patient 39,nas score: 1 | fibrosis stage: 4 | group in paper: NASH_F4 | disease: NAFLD | Stage: moderate,NASH,F4
GSM3998276,Liver patient 43,nas score: 2 | fibrosis stage: 0 | group in paper: NAFL | disease: NAFLD | Stage: early,steatosis,none
GSM3998277,Liver patient 184,nas score: 4 | fibrosis stage: 2 | group in paper: NASH_F2 | disease: NAFLD | Stage: early,NASH,F2
GSM3998278,Liver patient 11,nas score: 5 | fibrosis stage: 2 | group in paper: NASH_F2 | disease: NAFLD | Stage: early,NASH,F2
GSM3998279,Liver patient 76,nas score: 2 | fibrosis stage: 1 | group in paper: NAFL | disease: NAFLD | Stage: early,steatosis,none
GSM3998280,Liver patient 183,nas score: 5 | fibrosis stage: 3 | group in paper: NASH_F3 | disease: NAFLD | Stage: moderate,NASH,F3
GSM3998281,Liver patient 122,nas score: 1 | fibrosis stage: 0 | group in paper: NAFL | disease: NAFLD | Stage: early,steatosis,none
GSM3998282,Liver patient 22,nas score: 5 | fibrosis stage: 3 | group in paper: NASH_F3 | disease: NAFLD | Stage: moderate,NASH,F3
GSM3998283,Liver patient 25,nas score: 2 | fibrosis stage: 1 | group in paper: NAFL | disease: NAFLD | Stage: early,steatosis,none
GSM3998284,Liver patient 92,nas score: 4 | fibrosis stage: 2 | group in paper: NASH_F2 | disease: NAFLD | Stage: early,NASH,F2
GSM3998285,Liver patient 182,nas score: 4 | fibrosis stage: 4 | group in paper: NASH_F4 | disease: NAFLD | Stage: moderate,NASH,F4
GSM3998286,Liver patient 52,nas score: 2 | fibrosis stage: 0 | group in paper: NAFL | disease: NAFLD | Stage: early,steatosis,none
GSM3998287,Liver patient 109,nas score: 4 | fibrosis stage: 2 | group in paper: NASH_F2 | disease: NAFLD | Stage: early,NASH,F2
GSM3998288,Liver patient 49,nas score: 2 | fibrosis stage: 0 | group in paper: NAFL | disease: NAFLD | Stage: early,steatosis,none
GSM3998289,Liver patient 63,nas score: 3 | fibrosis stage: 0 | group in paper: NAFL | disease: NAFLD | Stage: early,steatosis,none
GSM3998290,Liver patient 111,nas score: 4 | fibrosis stage: 0 | group in paper: NAFL | disease: NAFLD | Stage: early,steatosis,none
GSM3998291,Liver patient 47,nas score: 6 | fibrosis stage: 1 | group in paper: NASH_F0-F1 | disease: NAFLD | Stage: early,NASH,F0-F1
GSM3998292,Liver patient 48,nas score: 6 | fibrosis stage: 1 | group in paper: NASH_F0-F1 | disease: NAFLD | Stage: early,NASH,F0-F1
GSM3998293,Liver patient 50,nas score: 3 | fibrosis stage: 0 | group in paper: NAFL | disease: NAFLD | Stage: early,steatosis,none
GSM3998294,Liver patient 54,nas score: 2 | fibrosis stage: 1 | group in paper: NAFL | disease: NAFLD | Stage: early,steatosis,none
GSM3998295,Liver patient 55,nas score: 3 | fibrosis stage: 1 | group in paper: NAFL | disease: NAFLD | Stage: early,steatosis,none
GSM3998296,Liver patient 68,nas score: 3 | fibrosis stage: 1 | group in paper: NASH_F0-F1 | disease: NAFLD | Stage: early,NASH,F0-F1
GSM3998297,Liver patient 56,nas score: 5 | fibrosis stage: 2 | group in paper: NASH_F2 | disease: NAFLD | Stage: early,NASH,F2
GSM3998298,Liver patient 60,nas score: 5 | fibrosis stage: 3 | group in paper: NASH_F3 | disease: NAFLD | Stage: moderate,NASH,F3
GSM3998299,Liver patient 199,nas score: 4 | fibrosis stage: 2 | group in paper: NASH_F2 | disease: NAFLD | Stage: early,NASH,F2
GSM3998300,Liver patient 61,nas score: 5 | fibrosis stage: 1 | group in paper: NASH_F0-F1 | disease: NAFLD | Stage: early,NASH,F0-F1
GSM3998301,Liver patient 69,nas score: 4 | fibrosis stage: 3 | group in paper: NASH_F3 | disease: NAFLD | Stage: moderate,NASH,F3
GSM3998302,Liver patient 94,nas score: 3 | fibrosis stage: 1 | group in paper: NAFL | disease: NAFLD | Stage: early,steatosis,none
GSM3998303,Liver patient 95,nas score: 1 | fibrosis stage: 0 | group in paper: NAFL | disease: NAFLD | Stage: early,steatosis,none
GSM3998304,Liver patient 96,nas score: 2 | fibrosis stage: 0 | group in paper: NAFL | disease: NAFLD | Stage: early,steatosis,none
GSM3998305,Liver patient 20,nas score: 1 | fibrosis stage: 0 | group in paper: NAFL | disease: NAFLD | Stage: early,steatosis,none
GSM3998306,Liver patient 194,nas score: 3 | fibrosis stage: 1 | group in paper: NASH_F0-F1 | disease: NAFLD | Stage: early,NASH,F0-F1
GSM3998307,Liver patient 1,nas score: 1 | fibrosis stage: 0 | group in paper: NAFL | disease: NAFLD | Stage: early,steatosis,none
GSM3998308,Liver patient 16,nas score: 7 | fibrosis stage: 3 | group in paper: NASH_F3 | disease: NAFLD | Stage: moderate,NASH,F3
GSM3998309,Liver patient 17,nas score: 5 | fibrosis stage: 3 | group in paper: NASH_F3 | disease: NAFLD | Stage: moderate,NASH,F3
GSM3998310,Liver patient 18,nas score: 1 | fibrosis stage: 1 | group in paper: NAFL | disease: NAFLD | Stage: early,steatosis,none
GSM3998311,Liver patient 200,nas score: 3 | fibrosis stage: 1 | group in paper: NASH_F0-F1 | disease: NAFLD | Stage: early,NASH,F0-F1
GSM3998312,Liver patient 19,nas score: 6 | fibrosis stage: 2 | group in paper: NASH_F2 | disease: NAFLD | Stage: early,NASH,F2
GSM3998313,Liver patient 201,nas score: 7 | fibrosis stage: 2 | group in paper: NASH_F2 | disease: NAFLD | Stage: early,NASH,F2
GSM3998314,Liver patient 93,nas score: 8 | fibrosis stage: 3 | group in paper: NASH_F3 | disease: NAFLD | Stage: moderate,NASH,F3
GSM3998315,Liver patient 100,nas score: 5 | fibrosis stage: 1 | group in paper: NASH_F0-F1 | disease: NAFLD | Stage: early,NASH,F0-F1
GSM3998316,Liver patient 103,nas score: 4 | fibrosis stage: 1 | group in paper: NASH_F0-F1 | disease: NAFLD | Stage: early,NASH,F0-F1
GSM3998317,Liver patient 104,nas score: 5 | fibrosis stage: 1 | group in paper: NASH_F0-F1 | disease: NAFLD | Stage: early,NASH,F0-F1
GSM3998318,Liver patient 107,nas score: 6 | fibrosis stage: 2 | group in paper: NASH_F2 | disease: NAFLD | Stage: early,NASH,F2
GSM3998319,Liver patient 41,nas score: 4 | fibrosis stage: 3 | group in paper: NASH_F3 | disease: NAFLD | Stage: moderate,NASH,F3
GSM3998320,Liver patient 53,nas score: 6 | fibrosis stage: 1 | group in paper: NASH_F0-F1 | disease: NAFLD | Stage: early,NASH,F0-F1
GSM3998321,Liver patient 192,nas score: 4 | fibrosis stage: 0 | group in paper: NASH_F0-F1 | disease: NAFLD | Stage: early,NASH,F0-F1
GSM3998322,Liver patient 62,nas score: 5 | fibrosis stage: 3 | group in paper: NASH_F3 | disease: NAFLD | Stage: moderate,NASH,F3
GSM3998323,Liver patient 64,nas score: 4 | fibrosis stage: 0 | group in paper: NAFL | disease: NAFLD | Stage: early,steatosis,none
GSM3998324,Liver patient 65,nas score: 7 | fibrosis stage: 3 | group in paper: NASH_F3 | disease: NAFLD | Stage: moderate,NASH,F3
GSM3998325,Liver patient 66,nas score: 4 | fibrosis stage: 0 | group in paper: NAFL | disease: NAFLD | Stage: early,steatosis,none
GSM3998326,Liver patient 67,nas score: 2 | fibrosis stage: 0 | group in paper: NAFL | disease: NAFLD | Stage: early,steatosis,none
GSM3998327,Liver patient 179,nas score: 7 | fibrosis stage: 3 | group in paper: NASH_F3 | disease: NAFLD | Stage: moderate,NASH,F3
GSM3998328,Liver patient 180,nas score: 6 | fibrosis stage: 3 | group in paper: NASH_F3 | disease: NAFLD | Stage: moderate,NASH,F3
GSM3998329,Liver patient 45,nas score: 7 | fibrosis stage: 3 | group in paper: NASH_F3 | disease: NAFLD | Stage: moderate,NASH,F3
GSM3998330,Liver patient 181,nas score: 4 | fibrosis stage: 3 | group in paper: NASH_F3 | disease: NAFLD | Stage: moderate,NASH,F3
GSM3998331,Liver patient 191,nas score: 3 | fibrosis stage: 1 | group in paper: NASH_F0-F1 | disease: NAFLD | Stage: early,NASH,F0-F1
GSM3998332,Liver patient 190,nas score: 8 | fibrosis stage: 4 | group in paper: NASH_F4 | disease: NAFLD | Stage: moderate,NASH,F4
GSM3998333,Liver patient 185,nas score: 5 | fibrosis stage: 3 | group in paper: NASH_F3 | disease: NAFLD | Stage: moderate,NASH,F3
GSM3998334,Liver patient 193,nas score: 3 | fibrosis stage: 3 | group in paper: NASH_F3 | disease: NAFLD | Stage: moderate,NASH,F3
GSM3998335,Liver patient 26,nas score: 4 | fibrosis stage: 2 | group in paper: NASH_F2 | disease: NAFLD | Stage: early,NASH,F2
GSM3998336,Liver patient 27,nas score: 2 | fibrosis stage: 0 | group in paper: NAFL | disease: NAFLD | Stage: early,steatosis,none
GSM3998337,Liver patient 206,nas score: 5 | fibrosis stage: 2 | group in paper: NASH_F2 | disease: NAFLD | Stage: early,NASH,F2
GSM3998338,Liver patient 4,nas score: 4 | fibrosis stage: 3 | group in paper: NASH_F3 | disease: NAFLD | Stage: moderate,NASH,F3
GSM3998339,Liver patient 91,nas score: 4 | fibrosis stage: 0 | group in paper: NASH_F0-F1 | disease: NAFLD | Stage: early,NASH,F0-F1
GSM3998340,Liver patient 99,nas score: 3 | fibrosis stage: 3 | group in paper: NASH_F3 | disease: NAFLD | Stage: moderate,NASH,F3
GSM3998341,Liver control sample 1,nas score: 0 | fibrosis stage: 2 | group in paper: control | disease: Control | Stage: control,healthy,none
GSM3998342,Liver control sample 4,nas score: 0 | fibrosis stage: 0 | group in paper: control | disease: Control | Stage: control,healthy,none
GSM3998343,Liver patient 139,nas score: 5 | fibrosis stage: 2 | group in paper: NASH_F2 | disease: NAFLD | Stage: early,NASH,F2
GSM3998344,Liver patient 140,nas score: 1 | fibrosis stage: 1 | group in paper: NAFL | disease: NAFLD | Stage: early,steatosis,none
GSM3998345,Liver patient 141,nas score: 2 | fibrosis stage: 0 | group in paper: NAFL | disease: NAFLD | Stage: early,steatosis,none
GSM3998346,Liver patient 142,nas score: 2 | fibrosis stage: 0 | group in paper: NAFL | disease: NAFLD | Stage: early,steatosis,none
GSM3998347,Liver patient 143,nas score: 6 | fibrosis stage: 2 | group in paper: NASH_F2 | disease: NAFLD | Stage: early,NASH,F2
GSM3998348,Liver patient 144,nas score: 6 | fibrosis stage: 2 | group in paper: NASH_F2 | disease: NAFLD | Stage: early,NASH,F2
GSM3998349,Liver patient 145,nas score: 1 | fibrosis stage: 0 | group in paper: NAFL | disease: NAFLD | Stage: early,steatosis,none
GSM3998350,Liver patient 146,nas score: 6 | fibrosis stage: 2 | group in paper: NASH_F2 | disease: NAFLD | Stage: early,NASH,F2
GSM3998351,Liver patient 147,nas score: 4 | fibrosis stage: 1 | group in paper: NASH_F0-F1 | disease: NAFLD | Stage: early,NASH,F0-F1
GSM3998352,Liver patient 148,nas score: 3 | fibrosis stage: 1 | group in paper: NAFL | disease: NAFLD | Stage: early,steatosis,none
GSM3998353,Liver patient 149,nas score: 2 | fibrosis stage: 0 | group in paper: NAFL | disease: NAFLD | Stage: early,steatosis,none
GSM3998354,Liver patient 150,nas score: 6 | fibrosis stage: 3 | group in paper: NASH_F3 | disease: NAFLD | Stage: moderate,NASH,F3
GSM3998355,Liver patient 151,nas score: 7 | fibrosis stage: 2 | group in paper: NASH_F2 | disease: NAFLD | Stage: early,NASH,F2
GSM3998356,Liver patient 152,nas score: 5 | fibrosis stage: 2 | group in paper: NASH_F2 | disease: NAFLD | Stage: early,NASH,F2
GSM3998357,Liver patient 153,nas score: 6 | fibrosis stage: 1 | group in paper: NASH_F0-F1 | disease: NAFLD | Stage: early,NASH,F0-F1
GSM3998358,Liver patient 154,nas score: 5 | fibrosis stage: 1 | group in paper: NASH_F0-F1 | disease: NAFLD | Stage: early,NASH,F0-F1
GSM3998359,Liver patient 155,nas score: 5 | fibrosis stage: 4 | group in paper: NASH_F4 | disease: NAFLD | Stage: moderate,NASH,F4
GSM3998360,Liver patient 156,nas score: 5 | fibrosis stage: 2 | group in paper: NASH_F2 | disease: NAFLD | Stage: early,NASH,F2
GSM3998361,Liver patient 157,nas score: 1 | fibrosis stage: 0 | group in paper: NAFL | disease: NAFLD | Stage: early,steatosis,none
GSM3998362,Liver patient 158,nas score: 8 | fibrosis stage: 2 | group in paper: NASH_F2 | disease: NAFLD | Stage: early,NASH,F2
GSM3998363,Liver patient 159,nas score: 5 | fibrosis stage: 1 | group in paper: NASH_F0-F1 | disease: NAFLD | Stage: early,NASH,F0-F1
GSM3998364,Liver patient 160,nas score: 6 | fibrosis stage: 3 | group in paper: NASH_F3 | disease: NAFLD | Stage: moderate,NASH,F3
GSM3998365,Liver patient 161,nas score: 3 | fibrosis stage: 3 | group in paper: NASH_F3 | disease: NAFLD | Stage: moderate,NASH,F3
GSM3998366,Liver patient 162,nas score: 2 | fibrosis stage: 0 | group in paper: NAFL | disease: NAFLD | Stage: early,steatosis,none
GSM3998367,Liver patient 163,nas score: 5 | fibrosis stage: 1 | group in paper: NASH_F0-F1 | disease: NAFLD | Stage: early,NASH,F0-F1
GSM3998368,Liver patient 164,nas score: 5 | fibrosis stage: 2 | group in paper: NASH_F2 | disease: NAFLD | Stage: early,NASH,F2
GSM3998369,Liver patient 165,nas score: 6 | fibrosis stage: 3 | group in paper: NASH_F3 | disease: NAFLD | Stage: moderate,NASH,F3
GSM3998370,Liver patient 131,nas score: 4 | fibrosis stage: 2 | group in paper: NASH_F2 | disease: NAFLD | Stage: early,NASH,F2
GSM3998371,Liver patient 132,nas score: 6 | fibrosis stage: 2 | group in paper: NASH_F2 | disease: NAFLD | Stage: early,NASH,F2
GSM3998372,Liver patient 133,nas score: 4 | fibrosis stage: 3 | group in paper: NASH_F3 | disease: NAFLD | Stage: moderate,NASH,F3
GSM3998373,Liver patient 125,nas score: 5 | fibrosis stage: 3 | group in paper: NASH_F3 | disease: NAFLD | Stage: moderate,NASH,F3
GSM3998374,Liver patient 126,nas score: 5 | fibrosis stage: 3 | group in paper: NASH_F3 | disease: NAFLD | Stage: moderate,NASH,F3
GSM3998375,Liver patient 128,nas score: 6 | fibrosis stage: 1 | group in paper: NASH_F0-F1 | disease: NAFLD | Stage: early,NASH,F0-F1
GSM3998376,Liver patient 129,nas score: 7 | fibrosis stage: 2 | group in paper: NASH_F2 | disease: NAFLD | Stage: early,NASH,F2
GSM3998377,Liver patient 130,nas score: 4 | fibrosis stage: 1 | group in paper: NAFL | disease: NAFLD | Stage: early,steatosis,none
GSM3998378,Liver patient 134,nas score: 6 | fibrosis stage: 3 | group in paper: NASH_F3 | disease: NAFLD | Stage: moderate,NASH,F3
GSM3998379,Liver patient 135,nas score: 7 | fibrosis stage: 3 | group in paper: NASH_F3 | disease: NAFLD | Stage: moderate,NASH,F3
GSM3998380,Liver patient 136,nas score: 3 | fibrosis stage: 1 | group in paper: NASH_F0-F1 | disease: NAFLD | Stage: early,NASH,F0-F1
GSM3998381,Liver patient 137,nas score: 5 | fibrosis stage: 2 | group in paper: NASH_F2 | disease: NAFLD | Stage: early,NASH,F2
GSM3998382,Liver patient 138,nas score: 7 | fibrosis stage: 3 | group in paper: NASH_F3 | disease: NAFLD | Stage: moderate,NASH,F3
