reaction_id,component,old_score,note
MAR01040,A_old_score_extreme_low,-0.2972972972972973,
MAR02061,A_old_score_extreme_low,-0.2892896577107103,
MAR08757,A_old_score_extreme_low,-0.255952380952381,
MAR07819,A_old_score_extreme_high,0.32934472934472936,
MAR08998,A_old_score_extreme_high,0.35213675213675216,
MAR08966,A_old_score_extreme_high,0.40196078431372545,
MAR03732,B_old_score_near_zero,-0.00045228403437358455,
MAR01232,B_old_score_near_zero,-0.00045228403437358455,
MAR01155,B_old_score_near_zero,-0.00045228403437358455,
MAR04994,B_old_score_near_zero,-0.00045228403437358455,
MAR02497,B_old_score_near_zero,-0.00045228403437358455,
MAR03816,B_old_score_near_zero,-0.00045228403437358455,"urea_cycle (ARG1, cytosol)"
MAR00345,C_score_blind_random,0.07877903714510154,
MAR00377,C_score_blind_random,-0.014135094427065176,
MAR00948,C_score_blind_random,-0.02857142857142858,
MAR01296,C_score_blind_random,0.08265442156717523,
MAR01648,C_score_blind_random,-0.181547619047619,
MAR02546,C_score_blind_random,-0.058119658119658135,
MAR02580,C_score_blind_random,0.01904761904761898,
MAR02665,C_score_blind_random,-0.06666666666666665,
MAR02709,C_score_blind_random,0.009037191518943333,
MAR02727,C_score_blind_random,-0.13970588235294118,
MAR03029,C_score_blind_random,0.05342808264245297,
MAR03233,C_score_blind_random,0.07876334192123663,
MAR03302,C_score_blind_random,-0.11352329262777028,
MAR03429,C_score_blind_random,-0.015803750442269227,
MAR03723,C_score_blind_random,0.09027777777777779,
MAR03920,C_score_blind_random,0.09000452284034366,
MAR04504,C_score_blind_random,-0.019384124647282563,
MAR05006,C_score_blind_random,-0.023066485753052923,
MAR06127,C_score_blind_random,-0.11352329262777028,
MAR06166,C_score_blind_random,-0.0682948891904116,
MAR06186,C_score_blind_random,0.15423197492163015,
MAR06499,C_score_blind_random,0.10172633530297764,
MAR07793,C_score_blind_random,0.027981003722243658,
MAR08905,C_score_blind_random,-0.009514326806062678,
MAR09289,C_score_blind_random,-0.04568068747173215,
MAR12265,C_score_blind_random,0.031371624012265564,
MAR12651,C_score_blind_random,-0.06845785793154213,
MAR12748,C_score_blind_random,-0.08939708939708935,
MAR03873,E_biomarker_calibration,-0.019384124647282563,urea_cycle (CPS1)
MAR03809,E_biomarker_calibration,0.028840125391849547,urea_cycle (OTC)
MAR03811,E_biomarker_calibration,0.14256722475900563,urea_cycle (ASS1)
MAR00146,E_biomarker_calibration,-0.096551724137931,lipogenesis (SCD1)
