biomarker,cohort,group,n_mapped_reactions,n_mapped_reactions_present,max_calibrated_confidence_score,argmax_reaction_id,percentile_rank_in_group,ordinal_rank_in_group,n_reactions_in_group
serine_glycine_shmt,GSE89632,healthy,2,2,0.7586246661811119,MAR03845,0.966437,435,12931
serine_glycine_shmt,GSE89632,steatosis,2,2,0.7633827594873083,MAR03845,0.973475,344,12931
serine_glycine_shmt,GSE89632,NASH,2,2,0.785896799801538,MAR03845,0.99072,121,12931
serine_glycine_shmt,GSE126848,healthy,2,2,0.7692753317884979,MAR03845,0.962107,491,12931
serine_glycine_shmt,GSE126848,obese_no_NAFLD,2,2,0.7959760907074191,MAR03845,0.984224,205,12931
serine_glycine_shmt,GSE126848,steatosis,2,2,0.786715195632393,MAR03845,0.980048,259,12931
serine_glycine_shmt,GSE126848,NASH,2,2,0.749044734389562,MAR03845,0.954992,583,12931
serine_glycine_shmt,GSE135251,healthy,2,2,0.7939080459770114,MAR03845,0.982445,228,12931
serine_glycine_shmt,GSE135251,steatosis,2,2,0.7876411389297987,MAR03845,0.982059,233,12931
serine_glycine_shmt,GSE135251,NASH,2,2,0.7623141486810551,MAR03845,0.962416,487,12931
urea_cycle,GSE89632,healthy,6,6,0.6385894634620053,MAR03809,0.902714,1248,12931
urea_cycle,GSE89632,steatosis,6,6,0.5724051269163106,MAR03873,0.876266,1583,12931
urea_cycle,GSE89632,NASH,6,6,0.4824609278094765,MAR03809,0.830794,2186,12931
urea_cycle,GSE126848,healthy,6,6,0.8055140088476932,MAR03873,0.986235,179,12931
urea_cycle,GSE126848,obese_no_NAFLD,6,6,0.7754868129159477,MAR03811,0.974557,326,12931
urea_cycle,GSE126848,steatosis,6,6,0.7949215195632392,MAR03809,0.985075,192,12931
urea_cycle,GSE126848,NASH,6,6,0.7938606710158433,MAR03809,0.98376,207,12931
urea_cycle,GSE135251,healthy,6,6,0.5600402298850575,MAR03811,0.858712,1820,12931
urea_cycle,GSE135251,steatosis,6,6,0.7218765341188021,MAR03811,0.942387,741,12931
urea_cycle,GSE135251,NASH,6,6,0.5983033573141486,MAR03873,0.881757,1519,12931
bcaa,GSE89632,healthy,9,9,0.4248664724447681,MAR06419,0.804346,2531,12931
bcaa,GSE89632,steatosis,9,9,0.6347700427243026,MAR06421,0.90341,1238,12931
bcaa,GSE89632,NASH,9,9,0.6993549987596129,MAR06421,0.933802,849,12931
bcaa,GSE126848,healthy,9,9,0.0,MAR03744,7.7e-05,4748,12931
bcaa,GSE126848,obese_no_NAFLD,9,9,0.0,MAR03744,7.7e-05,4058,12931
bcaa,GSE126848,steatosis,9,9,0.5906221565059144,MAR06421,0.872245,1650,12931
bcaa,GSE126848,NASH,9,9,0.2089934762348555,MAR06421,0.693218,3968,12931
bcaa,GSE135251,healthy,9,9,0.2623563218390804,MAR06421,0.715335,3682,12931
bcaa,GSE135251,steatosis,9,9,0.7105363279332351,MAR06421,0.937592,807,12931
bcaa,GSE135251,NASH,9,9,0.6401858513189448,MAR06421,0.901864,1255,12931
dnl_scd1_fasn,GSE89632,healthy,3,3,0.5563911143481428,MAR02150,0.86397,1760,12931
dnl_scd1_fasn,GSE89632,steatosis,3,3,0.4148718270922342,MAR02182,0.805429,2517,12931
dnl_scd1_fasn,GSE89632,NASH,3,3,0.661188290746713,MAR02150,0.912072,1138,12931
dnl_scd1_fasn,GSE126848,healthy,3,3,0.6995049504950495,MAR02182,0.920192,1033,12931
dnl_scd1_fasn,GSE126848,obese_no_NAFLD,3,3,0.6879898940103524,MAR02182,0.928312,928,12931
dnl_scd1_fasn,GSE126848,steatosis,3,3,0.61180618744313,MAR02182,0.882762,1517,12931
dnl_scd1_fasn,GSE126848,NASH,3,3,0.4779007455731593,MAR02150,0.82221,2300,12931
dnl_scd1_fasn,GSE135251,healthy,3,3,0.6428160919540229,MAR00146,0.897224,1330,12931
dnl_scd1_fasn,GSE135251,steatosis,3,3,0.1258959253804614,MAR00146,0.688733,4026,12931
dnl_scd1_fasn,GSE135251,NASH,3,3,0.4181055155875299,MAR00146,0.799242,2597,12931
choline_pc,GSE89632,healthy,5,5,0.7692583151250303,MAR00653,0.97448,331,12931
choline_pc,GSE89632,steatosis,5,5,0.7575584317667755,MAR00653,0.967056,426,12931
choline_pc,GSE89632,NASH,5,5,0.7496154800297693,MAR00653,0.970227,386,12931
choline_pc,GSE126848,healthy,5,5,0.7492100273857172,MAR00653,0.948341,669,12931
choline_pc,GSE126848,obese_no_NAFLD,5,5,0.7827027360118314,MAR00653,0.978656,277,12931
choline_pc,GSE126848,steatosis,5,5,0.7960646041856232,MAR00653,0.98608,181,12931
choline_pc,GSE126848,NASH,5,5,0.7788909599254427,MAR00653,0.974789,327,12931
choline_pc,GSE135251,healthy,5,5,0.7490632183908046,MAR00653,0.954992,582,12931
choline_pc,GSE135251,steatosis,5,5,0.7848797250859106,MAR00653,0.979429,265,12931
choline_pc,GSE135251,NASH,5,5,0.7543465227817745,MAR00653,0.958163,541,12931
