cohort,group,n_reactions_total,n_active,mean_calibrated_confidence_score,mean_calibrated_confidence_score_active_only
GSE89632,healthy,12931,4119,0.1593,0.5001
GSE89632,steatosis,12931,3979,0.1539,0.5001
GSE89632,NASH,12931,4031,0.1559,0.5001
GSE126848,healthy,12931,4747,0.1836,0.5001
GSE126848,obese_no_NAFLD,12931,4057,0.1569,0.5001
GSE126848,steatosis,12931,4396,0.17,0.5001
GSE126848,NASH,12931,4292,0.166,0.5001
GSE135251,healthy,12931,4350,0.1682,0.5001
GSE135251,steatosis,12931,4074,0.1576,0.5001
GSE135251,NASH,12931,4170,0.1613,0.5001
